Year,ICD_10,Sex,Race,Age_Group,Deaths,Population,Crude Rate,CI_Lower_95,CI_Upper_95,is_recent_release
1999,C22,,,,27826.0,837120504.0,4.99,,,0
1999,C22,,2106-3,,22720.0,686063370.0,4.97,,,0
1999,C22,M,,,16822.0,410408619.0,6.15,,,0
1999,C22,F,,,11004.0,426711885.0,3.87,,,0
1999,C22,,,75-84,7926.0,36674742.0,32.42,,,0
1999,C22,,,65-74,7748.0,55256727.0,21.03,,,0
1999,C22,,,55-64,4526.0,71334078.0,9.52,,,0
1999,C22,,2054-5,,3224.0,108519363.0,4.46,,,0
1999,C22,,,85+,3198.0,12462054.0,38.49,,,0
1999,C22,,,45-54,3144.0,109733457.0,4.3,,,0
1999,K76,,,,2793.0,279040168.0,1,,,0
1999,K76,,2106-3,,2319.0,228687790.0,1.01,,,0
1999,C22,,A-PI,,1714.0,34039488.0,7.55,,,0
1999,K76,M,,,1693.0,136802873.0,1.24,,,0
1999,K76,F,,,1100.0,142237295.0,0.77,,,0
1999,C22,,,35-44,942.0,135230031.0,1.04,,,0
1999,K76,,,45-54,637.0,36577819.0,1.74,,,0
1999,K76,,,65-74,560.0,18418909.0,3.04,,,0
1999,K76,,,55-64,549.0,23778026.0,2.31,,,0
1999,K75,,,,496.0,279040168.0,0.18,,,0
1999,K75,,2106-3,,401.0,228687790.0,0.18,,,0
1999,K76,,2054-5,,401.0,36173121.0,1.11,,,0
1999,K76,,,75-84,388.0,12224914.0,3.17,,,0
1999,K76,,,35-44,343.0,45076677.0,0.76,,,0
1999,K75,M,,,249.0,136802873.0,0.18,,,0
1999,K75,F,,,247.0,142237295.0,0.17,,,0
1999,K76,,,85+,182.0,4154018.0,4.38,,,0
1999,C22,,1002-5,,160.0,8498283.0,2.97,,,0
1999,C22,,,25-34,157.0,120535218.0,0.2,,,0
1999,K75,,,65-74,113.0,18418909.0,0.61,,,0
1999,K75,,,75-84,111.0,12224914.0,0.91,,,0
1999,C22,,,15-24,87.0,116028093.0,0.11,,,0
1999,K75,,,45-54,83.0,36577819.0,0.23,,,0
1999,K76,,,25-34,72.0,40178406.0,0.18,,,0
1999,K75,,2054-5,,69.0,36173121.0,0.19,,,0
1999,K75,,,85+,64.0,4154018.0,1.54,,,0
1999,C22,,,4-Jan,58.0,30679564.0,0.19,,,0
1999,K75,,,55-64,58.0,23778026.0,0.24,,,0
1999,K75,,,35-44,45.0,45076677.0,0.1,,,0
1999,K76,,1002-5,,39.0,2832761.0,1.38,,,0
1999,K76,,A-PI,,34.0,11346496.0,0.30,,,0
1999,K76,,,1,25.0,3795762.0,0.66,,,0
1999,C22,,,14-May,22.0,81639648.0,Unreliable,,,0
1999,K75,,A-PI,,22.0,11346496.0,0.19,,,0
1999,K76,,,15-24,19.0,38676031.0,Unreliable,,,0
1999,K75,,,25-34,10.0,40178406.0,Unreliable,,,0
1999,C22,,,1,0.0,7591524.0,Suppressed,,,0
1999,K75,,,1,0.0,3795762.0,Suppressed,,,0
1999,K75,,,14-May,0.0,40819824.0,Suppressed,,,0
1999,K75,,,15-24,0.0,38676031.0,Suppressed,,,0
1999,K75,,1002-5,,0.0,2832761.0,Suppressed,,,0
1999,K76,,,14-May,0.0,40819824.0,Suppressed,,,0
1999,K76,,,4-Jan,0.0,15339782.0,Suppressed,,,0
1999,K76,,,NS,0.0,0.0,Not Applicable,,,0
2000,C22,,,,29266.0,844265718.0,5.2,,,0
2000,C22,,2106-3,,23752.0,690257286.0,5.16,,,0
2000,C22,M,,,17968.0,414160689.0,6.51,,,0
2000,C22,F,,,11298.0,430105029.0,3.94,,,0
2000,C22,,,75-84,8318.0,37083540.0,33.65,,,0
2000,C22,,,65-74,7754.0,55172958.0,21.08,,,0
2000,C22,,,55-64,4896.0,72824052.0,10.08,,,0
2000,C22,,,45-54,3550.0,113033856.0,4.71,,,0
2000,C22,,,85+,3496.0,12718761.0,41.23,,,0
2000,C22,,2054-5,,3396.0,109782927.0,4.64,,,0
2000,K76,,,,2992.0,281421906.0,1.06,,,0
2000,K76,,2106-3,,2474.0,230085762.0,1.08,,,0
2000,C22,,A-PI,,1908.0,35273055.0,8.11,,,0
2000,K76,M,,,1791.0,138053563.0,1.3,,,0
2000,K76,F,,,1201.0,143368343.0,0.84,,,0
2000,C22,,,35-44,920.0,135445581.0,1.02,,,0
2000,K76,,,45-54,735.0,37677952.0,1.95,,,0
2000,K76,,,55-64,586.0,24274684.0,2.41,,,0
2000,K76,,,65-74,579.0,18390986.0,3.15,,,0
2000,K75,,,,530.0,281421906.0,0.19,,,0
2000,K76,,2054-5,,428.0,36594309.0,1.17,,,0
2000,K76,,,75-84,426.0,12361180.0,3.45,,,0
2000,K75,,2106-3,,420.0,230085762.0,0.18,,,0
2000,K76,,,35-44,345.0,45148527.0,0.76,,,0
2000,K75,F,,,270.0,143368343.0,0.19,,,0
2000,K75,M,,,260.0,138053563.0,0.19,,,0
2000,C22,,1002-5,,203.0,8952450.0,3.52,,,0
2000,K76,,,85+,191.0,4239587.0,4.51,,,0
2000,C22,,,25-34,177.0,119675172.0,0.23,,,0
2000,K75,,,75-84,120.0,12361180.0,0.97,,,0
2000,K75,,,65-74,102.0,18390986.0,0.55,,,0
2000,K75,,,45-54,97.0,37677952.0,0.26,,,0
2000,K75,,2054-5,,91.0,36594309.0,0.25,,,0
2000,K75,,,55-64,72.0,24274684.0,0.3,,,0
2000,K75,,,85+,69.0,4239587.0,1.63,,,0
2000,K76,,,25-34,61.0,39891724.0,0.15,,,0
2000,C22,,,15-24,60.0,78367782.0,0.08,,,0
2000,K75,,,35-44,49.0,45148527.0,0.11,,,0
2000,K76,,A-PI,,49.0,11757685.0,0.42,,,0
2000,C22,,,4-Jan,46.0,30740300.0,0.15,,,0
2000,K76,,1002-5,,41.0,2984150.0,1.37,,,0
2000,C22,,,14-May,40.0,82155154.0,0.05,,,0
2000,K76,,,1,32.0,3805648.0,0.84,,,0
2000,K76,,,15-24,17.0,39183891.0,Unreliable,,,0
2000,K75,,A-PI,,13.0,11757685.0,Unreliable,,,0
2000,K75,,,25-34,11.0,39891724.0,Unreliable,,,0
2000,K76,,,14-May,10.0,41077577.0,Unreliable,,,0
2000,C22,,,1,0.0,7611296.0,Suppressed,,,0
2000,K75,,,1,0.0,3805648.0,Suppressed,,,0
2000,K75,,,14-May,0.0,41077577.0,Suppressed,,,0
2000,K75,,,15-24,0.0,39183891.0,Suppressed,,,0
2000,K75,,,4-Jan,0.0,15370150.0,Suppressed,,,0
2000,K75,,1002-5,,0.0,2984150.0,Suppressed,,,0
2000,K76,,,4-Jan,0.0,15370150.0,Suppressed,,,0
2000,K76,,,NS,0.0,0.0,Not Applicable,,,0
2001,C22,,,,29962.0,854906865.0,5.26,,,0
2001,C22,,2106-3,,24298.0,696577998.0,5.23,,,0
2001,C22,M,,,18496.0,419674476.0,6.61,,,0
2001,C22,F,,,11466.0,435232389.0,3.95,,,0
2001,C22,,,75-84,8422.0,37780854.0,33.44,,,0
2001,C22,,,65-74,7618.0,55152537.0,20.72,,,0
2001,C22,,,55-64,5066.0,75315885.0,10.09,,,0
2001,C22,,,45-54,3946.0,118158804.0,5.01,,,0
2001,C22,,,85+,3762.0,12937482.0,43.62,,,0
2001,C22,,2054-5,,3578.0,111749325.0,4.8,,,0
2001,K76,,,,3255.0,284968955.0,1.14,,,0
2001,K76,,2106-3,,2689.0,232192666.0,1.16,,,0
2001,K76,M,,,1945.0,139891492.0,1.39,,,0
2001,C22,,A-PI,,1846.0,37287543.0,7.43,,,0
2001,K76,F,,,1310.0,145077463.0,0.9,,,0
2001,C22,,,35-44,854.0,135155256.0,0.95,,,0
2001,K76,,,45-54,813.0,39386268.0,2.06,,,0
2001,K76,,,55-64,671.0,25105295.0,2.67,,,0
2001,K75,,,,601.0,284968955.0,0.21,,,0
2001,K76,,,65-74,589.0,18384179.0,3.2,,,0
2001,K75,,2106-3,,504.0,232192666.0,0.22,,,0
2001,K76,,,75-84,486.0,12593618.0,3.86,,,0
2001,K76,,2054-5,,452.0,37249775.0,1.21,,,0
2001,K76,,,35-44,367.0,45051752.0,0.81,,,0
2001,K75,M,,,322.0,139891492.0,0.23,,,0
2001,K75,F,,,279.0,145077463.0,0.19,,,0
2001,C22,,1002-5,,240.0,9291999.0,3.87,,,0
2001,K76,,,85+,194.0,4312494.0,4.5,,,0
2001,C22,,,25-34,154.0,118414566.0,0.2,,,0
2001,K75,,,75-84,146.0,12593618.0,1.16,,,0
2001,K75,,,45-54,115.0,39386268.0,0.29,,,0
2001,K75,,,65-74,114.0,18384179.0,0.62,,,0
2001,K75,,,55-64,85.0,25105295.0,0.34,,,0
2001,K75,,2054-5,,76.0,37249775.0,0.2,,,0
2001,K75,,,85+,73.0,4312494.0,1.69,,,0
2001,K76,,,25-34,65.0,39471522.0,0.16,,,0
2001,C22,,,15-24,58.0,80427140.0,0.07,,,0
2001,K76,,1002-5,,58.0,3097333.0,1.87,,,0
2001,K76,,A-PI,,56.0,12429181.0,0.45,,,0
2001,K75,,,35-44,47.0,45051752.0,0.1,,,0
2001,C22,,,4-Jan,36.0,30571118.0,Unreliable,,,0
2001,C22,,,14-May,31.0,123456120.0,Unreliable,,,0
2001,K76,,,1,29.0,4012658.0,0.72,,,0
2001,K76,,,15-24,22.0,40213570.0,0.05,,,0
2001,K75,,A-PI,,15.0,12429181.0,Unreliable,,,0
2001,K76,,,14-May,11.0,41152040.0,Unreliable,,,0
2001,C22,,,1,0.0,8025316.0,Suppressed,,,0
2001,K75,,,1,0.0,4012658.0,Suppressed,,,0
2001,K75,,,14-May,0.0,41152040.0,Suppressed,,,0
2001,K75,,,15-24,0.0,40213570.0,Suppressed,,,0
2001,K75,,,25-34,0.0,39471522.0,Suppressed,,,0
2001,K75,,,4-Jan,0.0,15285559.0,Suppressed,,,0
2001,K75,,1002-5,,0.0,3097333.0,Suppressed,,,0
2001,K76,,,4-Jan,0.0,15285559.0,Suppressed,,,0
2001,K76,,,NS,0.0,0.0,Not Applicable,,,0
2002,C22,,,,31096.0,862875579.0,5.41,,,0
2002,C22,,2106-3,,25192.0,701161605.0,5.39,,,0
2002,C22,M,,,19474.0,423691677.0,6.89,,,0
2002,C22,F,,,11622.0,439183902.0,3.97,,,0
2002,C22,,,75-84,8548.0,38294592.0,33.48,,,0
2002,C22,,,65-74,7846.0,55165605.0,21.33,,,0
2002,C22,,,55-64,5430.0,80109996.0,10.17,,,0
2002,C22,,,45-54,4124.0,119976582.0,5.16,,,0
2002,C22,,,85+,3906.0,13106424.0,44.7,,,0
2002,K76,,,,3713.0,287625193.0,1.29,,,0
2002,C22,,2054-5,,3684.0,113245272.0,4.88,,,0
2002,K76,,2106-3,,3101.0,233720535.0,1.33,,,0
2002,K76,M,,,2338.0,141230559.0,1.66,,,0
2002,C22,,A-PI,,2024.0,38861289.0,7.81,,,0
2002,K76,F,,,1375.0,146394634.0,0.94,,,0
2002,K76,,,45-54,1002.0,39992194.0,2.51,,,0
2002,C22,,,35-44,872.0,133921947.0,0.98,,,0
2002,K76,,,55-64,777.0,26703332.0,2.91,,,0
2002,K76,,,65-74,659.0,18388535.0,3.58,,,0
2002,K75,,,,596.0,287625193.0,0.21,,,0
2002,K75,,2106-3,,497.0,233720535.0,0.21,,,0
2002,K76,,,75-84,495.0,12764864.0,3.88,,,0
2002,K76,,2054-5,,480.0,37748424.0,1.27,,,0
2002,K76,,,35-44,423.0,44640649.0,0.95,,,0
2002,K75,M,,,328.0,141230559.0,0.23,,,0
2002,K75,F,,,268.0,146394634.0,0.18,,,0
2002,K76,,,85+,216.0,4368808.0,4.94,,,0
2002,C22,,,25-34,213.0,118048938.0,0.27,,,0
2002,C22,,1002-5,,192.0,9607413.0,3.06,,,0
2002,K75,,,45-54,131.0,39992194.0,0.33,,,0
2002,K75,,,75-84,116.0,12764864.0,0.91,,,0
2002,K75,,,65-74,97.0,18388535.0,0.53,,,0
2002,K75,,,55-64,89.0,26703332.0,0.33,,,0
2002,K75,,2054-5,,83.0,37748424.0,0.22,,,0
2002,K76,,,25-34,81.0,39349646.0,0.21,,,0
2002,K75,,,85+,79.0,4368808.0,1.81,,,0
2002,K76,,1002-5,,73.0,3202471.0,2.28,,,0
2002,K75,,,35-44,60.0,44640649.0,0.13,,,0
2002,K76,,A-PI,,59.0,12953763.0,0.46,,,0
2002,C22,,,4-Jan,56.0,30955462.0,0.18,,,0
2002,C22,,,15-24,54.0,81708270.0,0.07,,,0
2002,C22,,,14-May,37.0,123401514.0,Unreliable,,,0
2002,K76,,,1,32.0,3951461.0,0.81,,,0
2002,K75,,,25-34,16.0,39349646.0,Unreliable,,,0
2002,K75,,A-PI,,13.0,12953763.0,Unreliable,,,0
2002,K76,,,15-24,11.0,40854135.0,Unreliable,,,0
2002,C22,,,1,0.0,7902922.0,Suppressed,,,0
2002,K75,,,1,0.0,3951461.0,Suppressed,,,0
2002,K75,,,14-May,0.0,41133838.0,Suppressed,,,0
2002,K75,,,15-24,0.0,40854135.0,Suppressed,,,0
2002,K75,,1002-5,,0.0,3202471.0,Suppressed,,,0
2002,K76,,,14-May,0.0,41133838.0,Suppressed,,,0
2002,K76,,,4-Jan,0.0,15477731.0,Suppressed,,,0
2003,C22,,,,32394.0,870323799.0,5.58,,,0
2003,C22,,2106-3,,25958.0,705375216.0,5.52,,,0
2003,C22,M,,,20382.0,427286691.0,7.16,,,0
2003,C22,F,,,12012.0,443037108.0,4.07,,,0
2003,C22,,,75-84,8954.0,38689314.0,34.72,,,0
2003,C22,,,65-74,7896.0,55502745.0,21.34,,,0
2003,C22,,,55-64,5908.0,84026835.0,10.55,,,0
2003,C22,,,45-54,4618.0,122459862.0,5.66,,,0
2003,K76,,,,4010.0,290107933.0,1.38,,,0
2003,C22,,2054-5,,3970.0,114629223.0,5.2,,,0
2003,C22,,,85+,3844.0,13398528.0,43.03,,,0
2003,K76,,2106-3,,3364.0,235125072.0,1.43,,,0
2003,K76,M,,,2433.0,142428897.0,1.71,,,0
2003,C22,,A-PI,,2246.0,40383327.0,8.34,,,0
2003,K76,F,,,1577.0,147679036.0,1.07,,,0
2003,K76,,,45-54,1059.0,40819954.0,2.59,,,0
2003,K76,,,55-64,902.0,28008945.0,3.22,,,0
2003,K75,,,,872.0,290107933.0,0.3,,,0
2003,C22,,,35-44,828.0,132462618.0,0.94,,,0
2003,K76,,,65-74,714.0,18500915.0,3.86,,,0
2003,K75,,2106-3,,687.0,235125072.0,0.29,,,0
2003,K75,F,,,530.0,147679036.0,0.36,,,0
2003,K76,,,75-84,523.0,12896438.0,4.06,,,0
2003,K76,,2054-5,,509.0,38209741.0,1.33,,,0
2003,K76,,,35-44,421.0,44154206.0,0.95,,,0
2003,K75,M,,,342.0,142428897.0,0.24,,,0
2003,K76,,,85+,236.0,4466176.0,5.28,,,0
2003,C22,,1002-5,,215.0,9936033.0,3.32,,,0
2003,K75,,,65-74,190.0,18500915.0,1.03,,,0
2003,C22,,,25-34,181.0,117731385.0,0.23,,,0
2003,K75,,,75-84,176.0,12896438.0,1.36,,,0
2003,K75,,,45-54,170.0,40819954.0,0.42,,,0
2003,K75,,,55-64,163.0,28008945.0,0.58,,,0
2003,K75,,2054-5,,137.0,38209741.0,0.36,,,0
2003,K76,,,25-34,91.0,39243795.0,0.23,,,0
2003,K75,,,85+,77.0,4466176.0,1.72,,,0
2003,K76,,1002-5,,77.0,3312011.0,2.32,,,0
2003,C22,,,15-24,74.0,124166562.0,0.09,,,0
2003,K76,,A-PI,,60.0,13461109.0,0.45,,,0
2003,K75,,,35-44,57.0,44154206.0,0.13,,,0
2003,C22,,,4-Jan,46.0,31233150.0,0.15,,,0
2003,K75,,A-PI,,39.0,13461109.0,0.29,,,0
2003,C22,,,14-May,28.0,82072408.0,Unreliable,,,0
2003,K76,,,1,25.0,3975871.0,0.63,,,0
2003,K75,,,25-34,22.0,39243795.0,0.06,,,0
2003,K76,,,15-24,18.0,41388854.0,Unreliable,,,0
2003,K76,,,4-Jan,16.0,15616575.0,Unreliable,,,0
2003,K75,,,15-24,14.0,41388854.0,Unreliable,,,0
2003,C22,,,1,0.0,7951742.0,Suppressed,,,0
2003,K75,,,1,0.0,3975871.0,Suppressed,,,0
2003,K75,,,4-Jan,0.0,15616575.0,Suppressed,,,0
2003,K75,,1002-5,,0.0,3312011.0,Suppressed,,,0
2003,K76,,,14-May,0.0,41036204.0,Suppressed,,,0
2003,K76,,,NS,0.0,0.0,Not Applicable,,,0
2004,C22,,,,33564.0,878415894.0,5.73,,,0
2004,C22,,2106-3,,26858.0,710010102.0,5.67,,,0
2004,C22,M,,,21044.0,431484036.0,7.32,,,0
2004,C22,F,,,12520.0,446931858.0,4.2,,,0
2004,C22,,,75-84,9054.0,38969709.0,34.85,,,0
2004,C22,,,65-74,8052.0,56002599.0,21.57,,,0
2004,C22,,,55-64,6644.0,87915912.0,11.34,,,0
2004,C22,,,45-54,4836.0,124889790.0,5.81,,,0
2004,C22,,2054-5,,4204.0,116216394.0,5.43,,,0
2004,K76,,,,4200.0,292805298.0,1.43,,,0
2004,C22,,,85+,3842.0,13637649.0,42.26,,,0
2004,K76,,2106-3,,3494.0,236670034.0,1.48,,,0
2004,K76,M,,,2522.0,143828012.0,1.75,,,0
2004,C22,,A-PI,,2196.0,41901042.0,7.86,,,0
2004,K76,F,,,1678.0,148977286.0,1.13,,,0
2004,K76,,,45-54,1053.0,41629930.0,2.53,,,0
2004,K76,,,55-64,995.0,29305304.0,3.4,,,0
2004,K75,,,,906.0,292805298.0,0.31,,,0
2004,C22,,,35-44,800.0,131400825.0,0.91,,,0
2004,K76,,,65-74,760.0,18667533.0,4.07,,,0
2004,K75,,2106-3,,744.0,236670034.0,0.31,,,0
2004,K76,,,75-84,582.0,12989903.0,4.48,,,0
2004,K75,F,,,552.0,148977286.0,0.37,,,0
2004,K76,,2054-5,,546.0,38738798.0,1.41,,,0
2004,K76,,,35-44,427.0,43800275.0,0.97,,,0
2004,K75,M,,,354.0,143828012.0,0.25,,,0
2004,C22,,1002-5,,306.0,10288356.0,4.46,,,0
2004,K76,,,85+,226.0,4545883.0,4.97,,,0
2004,K75,,,75-84,205.0,12989903.0,1.58,,,0
2004,K75,,,65-74,193.0,18667533.0,1.03,,,0
2004,K75,,,55-64,179.0,29305304.0,0.61,,,0
2004,C22,,,25-34,169.0,117799668.0,0.22,,,0
2004,K75,,,45-54,150.0,41629930.0,0.36,,,0
2004,K75,,2054-5,,131.0,38738798.0,0.34,,,0
2004,C22,,,15-24,86.0,83896224.0,0.1,,,0
2004,K75,,,85+,86.0,4545883.0,1.89,,,0
2004,K76,,1002-5,,80.0,3429452.0,2.33,,,0
2004,K76,,A-PI,,80.0,13967014.0,0.57,,,0
2004,K76,,,25-34,78.0,39266556.0,0.2,,,0
2004,K75,,,35-44,53.0,43800275.0,0.12,,,0
2004,C22,,,4-Jan,44.0,31543254.0,0.14,,,0
2004,K76,,,1,38.0,4014258.0,0.95,,,0
2004,C22,,,14-May,33.0,122597751.0,Unreliable,,,0
2004,K76,,,15-24,25.0,41948112.0,0.06,,,0
2004,K75,,,25-34,23.0,39266556.0,0.06,,,0
2004,K75,,A-PI,,22.0,13967014.0,0.16,,,0
2004,K75,,,15-24,10.0,41948112.0,Unreliable,,,0
2004,C22,,,1,0.0,8028516.0,Suppressed,,,0
2004,K75,,,1,0.0,4014258.0,Suppressed,,,0
2004,K75,,,14-May,0.0,40865917.0,Suppressed,,,0
2004,K75,,,4-Jan,0.0,15771627.0,Suppressed,,,0
2004,K75,,1002-5,,0.0,3429452.0,Suppressed,,,0
2004,K76,,,14-May,0.0,40865917.0,Suppressed,,,0
2004,K76,,,4-Jan,0.0,15771627.0,Suppressed,,,0
2005,C22,,,,35080.0,886549797.0,5.94,,,0
2005,C22,,2106-3,,28068.0,714561285.0,5.89,,,0
2005,C22,M,,,22472.0,435591234.0,7.74,,,0
2005,C22,F,,,12608.0,450958563.0,4.19,,,0
2005,C22,,,75-84,9348.0,39224406.0,35.75,,,0
2005,C22,,,65-74,8146.0,56645091.0,21.57,,,0
2005,C22,,,55-64,7294.0,91924491.0,11.9,,,0
2005,C22,,,45-54,5198.0,127487712.0,6.12,,,0
2005,C22,,2054-5,,4458.0,117842193.0,5.67,,,0
2005,K76,,,,4355.0,295516599.0,1.47,,,0
2005,C22,,,85+,3962.0,14079897.0,42.21,,,0
2005,K76,,2106-3,,3679.0,238187095.0,1.54,,,0
2005,K76,M,,,2666.0,145197078.0,1.84,,,0
2005,C22,,A-PI,,2306.0,43483251.0,7.95,,,0
2005,K76,F,,,1689.0,150319521.0,1.12,,,0
2005,K76,,,55-64,1105.0,30641497.0,3.61,,,0
2005,K76,,,45-54,1095.0,42495904.0,2.58,,,0
2005,K75,,,,843.0,295516599.0,0.29,,,0
2005,K76,,,65-74,805.0,18881697.0,4.26,,,0
2005,C22,,,35-44,798.0,130516614.0,0.92,,,0
2005,K75,,2106-3,,685.0,238187095.0,0.29,,,0
2005,K76,,,75-84,622.0,13074802.0,4.76,,,0
2005,K76,,2054-5,,516.0,39280731.0,1.31,,,0
2005,K75,F,,,504.0,150319521.0,0.34,,,0
2005,K76,,,35-44,351.0,43505538.0,0.81,,,0
2005,K75,M,,,339.0,145197078.0,0.23,,,0
2005,C22,,1002-5,,243.0,10663068.0,3.49,,,0
2005,K76,,,85+,226.0,4693299.0,4.82,,,0
2005,K75,,,65-74,192.0,18881697.0,1.02,,,0
2005,K75,,,75-84,189.0,13074802.0,1.45,,,0
2005,C22,,,25-34,180.0,117775941.0,0.23,,,0
2005,K75,,,55-64,153.0,30641497.0,0.5,,,0
2005,K75,,,45-54,120.0,42495904.0,0.28,,,0
2005,K75,,2054-5,,113.0,39280731.0,0.29,,,0
2005,K75,,,85+,93.0,4693299.0,1.98,,,0
2005,K76,,A-PI,,85.0,14494417.0,0.59,,,0
2005,K76,,,25-34,80.0,39258647.0,0.2,,,0
2005,K76,,1002-5,,75.0,3554356.0,2.11,,,0
2005,C22,,,15-24,60.0,84892338.0,0.07,,,0
2005,K75,,,35-44,52.0,43505538.0,0.12,,,0
2005,C22,,,4-Jan,42.0,31826014.0,0.13,,,0
2005,K75,,A-PI,,34.0,14494417.0,0.23,,,0
2005,C22,,,14-May,32.0,81203292.0,Unreliable,,,0
2005,K76,,,1,29.0,4004393.0,0.72,,,0
2005,K75,,,25-34,20.0,39258647.0,0.05,,,0
2005,K76,,,15-24,18.0,42446169.0,Unreliable,,,0
2005,K75,,,15-24,15.0,42446169.0,Unreliable,,,0
2005,K76,,,4-Jan,12.0,15913007.0,Unreliable,,,0
2005,K75,,1002-5,,11.0,3554356.0,Unreliable,,,0
2005,K76,,,14-May,11.0,40601646.0,Unreliable,,,0
2005,C22,,,1,0.0,8008786.0,Suppressed,,,0
2005,C22,,,NS,0.0,0.0,Not Applicable,,,0
2005,K75,,,1,0.0,4004393.0,Suppressed,,,0
2005,K75,,,14-May,0.0,40601646.0,Suppressed,,,0
2005,K76,,,NS,0.0,0.0,Not Applicable,,,0
2006,C22,,,,35904.0,895139736.0,6.02,,,0
2006,C22,,2106-3,,28710.0,719415813.0,5.99,,,0
2006,C22,M,,,22926.0,439941795.0,7.82,,,0
2006,C22,F,,,12978.0,455197941.0,4.28,,,0
2006,C22,,,75-84,9270.0,39285453.0,35.39,,,0
2006,C22,,,65-74,8280.0,57609081.0,21.56,,,0
2006,C22,,,55-64,8108.0,95790339.0,12.7,,,0
2006,C22,,,45-54,5000.0,129858477.0,5.78,,,0
2006,K76,,,,4693.0,298379912.0,1.57,,,0
2006,C22,,2054-5,,4590.0,119571321.0,5.76,,,0
2006,C22,,,85+,4178.0,14597787.0,42.93,,,0
2006,K76,,2106-3,,3965.0,239805271.0,1.65,,,0
2006,K76,M,,,2832.0,146647265.0,1.93,,,0
2006,C22,,A-PI,,2314.0,45089553.0,7.7,,,0
2006,K76,F,,,1861.0,151732647.0,1.23,,,0
2006,K76,,,55-64,1318.0,31930113.0,4.13,,,0
2006,K76,,,45-54,1191.0,43286159.0,2.75,,,0
2006,K75,,,,894.0,298379912.0,0.3,,,0
2006,K76,,,65-74,828.0,19203027.0,4.31,,,0
2006,C22,,,35-44,754.0,129731403.0,0.87,,,0
2006,K75,,2106-3,,732.0,239805271.0,0.31,,,0
2006,K76,,,75-84,607.0,13095151.0,4.64,,,0
2006,K75,F,,,571.0,151732647.0,0.38,,,0
2006,K76,,2054-5,,560.0,39857107.0,1.41,,,0
2006,K76,,,35-44,379.0,43243801.0,0.88,,,0
2006,K75,M,,,323.0,146647265.0,0.22,,,0
2006,C22,,1002-5,,290.0,11063049.0,3.93,,,0
2006,K76,,,85+,224.0,4865929.0,4.6,,,0
2006,K75,,,75-84,212.0,13095151.0,1.62,,,0
2006,K75,,,65-74,210.0,19203027.0,1.09,,,0
2006,K75,,,55-64,186.0,31930113.0,0.58,,,0
2006,C22,,,25-34,179.0,118185537.0,0.23,,,0
2006,K75,,,45-54,129.0,43286159.0,0.3,,,0
2006,K75,,2054-5,,123.0,39857107.0,0.31,,,0
2006,K76,,1002-5,,86.0,3687683.0,2.33,,,0
2006,K76,,A-PI,,82.0,15029851.0,0.55,,,0
2006,K76,,,25-34,81.0,39395179.0,0.21,,,0
2006,K75,,,85+,72.0,4865929.0,1.48,,,0
2006,C22,,,15-24,63.0,128531532.0,0.07,,,0
2006,K75,,,35-44,47.0,43243801.0,0.11,,,0
2006,C22,,,14-May,32.0,81155652.0,Unreliable,,,0
2006,C22,,,4-Jan,30.0,31794290.0,Unreliable,,,0
2006,K75,,,25-34,23.0,39395179.0,0.06,,,0
2006,K75,,A-PI,,23.0,15029851.0,0.15,,,0
2006,K76,,,1,23.0,4041738.0,0.57,,,0
2006,K76,,,15-24,21.0,42843844.0,0.05,,,0
2006,K75,,1002-5,,16.0,3687683.0,Unreliable,,,0
2006,K76,,,4-Jan,13.0,15897145.0,Unreliable,,,0
2006,K75,,,15-24,11.0,42843844.0,Unreliable,,,0
2006,C22,,,1,0.0,8083476.0,Suppressed,,,0
2006,K75,,,14-May,0.0,40577826.0,Suppressed,,,0
2006,K76,,,14-May,0.0,40577826.0,Suppressed,,,0
2007,C22,,,,37164.0,903693621.0,6.17,,,0
2007,C22,,2106-3,,29804.0,724172484.0,6.17,,,0
2007,C22,M,,,24026.0,444194562.0,8.11,,,0
2007,C22,F,,,13138.0,459499059.0,4.29,,,0
2007,C22,,,75-84,9510.0,39262317.0,36.33,,,0
2007,C22,,,55-64,8716.0,99385302.0,13.15,,,0
2007,C22,,,65-74,8354.0,59096181.0,21.2,,,0
2007,C22,,,45-54,5176.0,131819817.0,5.89,,,0
2007,K76,,,,5042.0,301231207.0,1.67,,,0
2007,C22,,2054-5,,4722.0,121353324.0,5.84,,,0
2007,K76,,2106-3,,4251.0,241390828.0,1.76,,,0
2007,C22,,,85+,4248.0,15118635.0,42.15,,,0
2007,K76,M,,,2974.0,148064854.0,2.01,,,0
2007,C22,,A-PI,,2316.0,46678119.0,7.44,,,0
2007,K76,F,,,2068.0,153166353.0,1.35,,,0
2007,K76,,,55-64,1412.0,33128434.0,4.26,,,0
2007,K76,,,45-54,1208.0,43939939.0,2.75,,,0
2007,K76,,,65-74,936.0,19698727.0,4.75,,,0
2007,K75,,,,916.0,301231207.0,0.3,,,0
2007,C22,,,35-44,796.0,128388690.0,0.93,,,0
2007,K75,,2106-3,,732.0,241390828.0,0.3,,,0
2007,K76,,,75-84,694.0,13087439.0,5.3,,,0
2007,K75,F,,,604.0,153166353.0,0.39,,,0
2007,K76,,2054-5,,594.0,40451108.0,1.47,,,0
2007,K76,,,35-44,363.0,42796230.0,0.85,,,0
2007,C22,,1002-5,,322.0,11489694.0,4.2,,,0
2007,K75,M,,,312.0,148064854.0,0.21,,,0
2007,K76,,,85+,282.0,5039545.0,5.6,,,0
2007,K75,,,75-84,211.0,13087439.0,1.61,,,0
2007,K75,,,55-64,194.0,33128434.0,0.59,,,0
2007,K75,,,65-74,193.0,19698727.0,0.98,,,0
2007,C22,,,25-34,183.0,119140389.0,0.23,,,0
2007,K75,,2054-5,,146.0,40451108.0,0.36,,,0
2007,K75,,,45-54,133.0,43939939.0,0.3,,,0
2007,K76,,1002-5,,100.0,3829898.0,2.61,,,0
2007,K76,,A-PI,,97.0,15559373.0,0.62,,,0
2007,K75,,,85+,94.0,5039545.0,1.87,,,0
2007,C22,,,15-24,77.0,129437445.0,0.09,,,0
2007,K76,,,25-34,76.0,39713463.0,0.19,,,0
2007,C22,,,14-May,50.0,81111306.0,0.06,,,0
2007,K75,,,35-44,48.0,42796230.0,0.11,,,0
2007,C22,,,4-Jan,38.0,31955930.0,Unreliable,,,0
2007,K75,,A-PI,,29.0,15559373.0,0.19,,,0
2007,K76,,,1,29.0,4147997.0,0.7,,,0
2007,K76,,,15-24,24.0,43145815.0,0.06,,,0
2007,K75,,,15-24,19.0,43145815.0,Unreliable,,,0
2007,K75,,,25-34,17.0,39713463.0,Unreliable,,,0
2007,K76,,,4-Jan,11.0,15977965.0,Unreliable,,,0
2007,C22,,,1,0.0,8295994.0,Suppressed,,,0
2007,K75,,,1,0.0,4147997.0,Suppressed,,,0
2007,K75,,,14-May,0.0,40555653.0,Suppressed,,,0
2007,K75,,1002-5,,0.0,3829898.0,Suppressed,,,0
2007,K76,,,14-May,0.0,40555653.0,Suppressed,,,0
2007,K76,,,NS,0.0,0.0,Not Applicable,,,0
2008,C22,,,,39180.0,912281898.0,6.44,,,0
2008,C22,,2106-3,,31144.0,728899137.0,6.41,,,0
2008,C22,M,,,25912.0,448469853.0,8.67,,,0
2008,C22,F,,,13268.0,463812045.0,4.29,,,0
2008,C22,,,55-64,9914.0,102471189.0,14.51,,,0
2008,C22,,,75-84,9866.0,39228306.0,37.73,,,0
2008,C22,,,65-74,8816.0,61517037.0,21.5,,,0
2008,K76,,,,5264.0,304093966.0,1.73,,,0
2008,C22,,2054-5,,5142.0,123146877.0,6.26,,,0
2008,C22,,,45-54,5116.0,133381341.0,5.75,,,0
2008,K76,,2106-3,,4463.0,242966379.0,1.84,,,0
2008,C22,,,85+,4430.0,15587520.0,42.63,,,0
2008,K76,M,,,3086.0,149489951.0,2.06,,,0
2008,C22,,A-PI,,2574.0,48284097.0,8,,,0
2008,K76,F,,,2178.0,154604015.0,1.41,,,0
2008,K76,,,55-64,1448.0,34157063.0,4.24,,,0
2008,K76,,,45-54,1215.0,44460447.0,2.73,,,0
2008,K76,,,65-74,1011.0,20505679.0,4.93,,,0
2008,K75,,,,860.0,304093966.0,0.28,,,0
2008,K76,,,75-84,751.0,13076102.0,5.74,,,0
2008,C22,,,35-44,718.0,126577458.0,0.85,,,0
2008,K75,,2106-3,,688.0,242966379.0,0.28,,,0
2008,K76,,2054-5,,590.0,41048959.0,1.44,,,0
2008,K75,F,,,530.0,154604015.0,0.34,,,0
2008,K76,,,35-44,366.0,42192486.0,0.87,,,0
2008,K75,M,,,330.0,149489951.0,0.22,,,0
2008,K76,,,85+,314.0,5195840.0,6.04,,,0
2008,C22,,1002-5,,311.0,11951787.0,4.02,,,0
2008,K75,,,75-84,191.0,13076102.0,1.46,,,0
2008,K75,,,65-74,185.0,20505679.0,0.9,,,0
2008,K75,,,55-64,174.0,34157063.0,0.51,,,0
2008,C22,,,25-34,165.0,120622419.0,0.21,,,0
2008,K75,,2054-5,,134.0,41048959.0,0.33,,,0
2008,K75,,,45-54,129.0,44460447.0,0.29,,,0
2008,K76,,1002-5,,106.0,3983929.0,2.66,,,0
2008,K76,,A-PI,,105.0,16094699.0,0.65,,,0
2008,K76,,,25-34,91.0,40207473.0,0.23,,,0
2008,K75,,,85+,89.0,5195840.0,1.71,,,0
2008,C22,,,15-24,76.0,86782984.0,0.09,,,0
2008,K75,,,35-44,42.0,42192486.0,0.1,,,0
2008,C22,,,4-Jan,40.0,32276784.0,0.12,,,0
2008,C22,,,14-May,34.0,81272514.0,Unreliable,,,0
2008,K76,,,15-24,30.0,43391492.0,0.07,,,0
2008,K75,,,25-34,29.0,40207473.0,0.07,,,0
2008,K75,,A-PI,,29.0,16094699.0,0.18,,,0
2008,K76,,,1,16.0,4132735.0,Unreliable,,,0
2008,K75,,,15-24,13.0,43391492.0,Unreliable,,,0
2008,K76,,,4-Jan,12.0,16138392.0,Unreliable,,,0
2008,C22,,,1,0.0,8265470.0,Suppressed,,,0
2008,K75,,,1,0.0,4132735.0,Suppressed,,,0
2008,K75,,,4-Jan,0.0,16138392.0,Suppressed,,,0
2008,K75,,1002-5,,0.0,3983929.0,Suppressed,,,0
2008,K76,,,14-May,0.0,40636257.0,Suppressed,,,0
2008,K76,,,NS,0.0,0.0,Not Applicable,,,0
2009,C22,,,,41472.0,920314587.0,6.76,,,0
2009,C22,,2106-3,,32862.0,733166499.0,6.72,,,0
2009,C22,M,,,27450.0,452422362.0,9.1,,,0
2009,C22,F,,,14022.0,467892225.0,4.5,,,0
2009,C22,,,55-64,10980.0,106216800.0,15.51,,,0
2009,C22,,,75-84,9878.0,39068325.0,37.93,,,0
2009,C22,,,65-74,9572.0,63699297.0,22.54,,,0
2009,K76,,,,5830.0,306771529.0,1.9,,,0
2009,C22,,2054-5,,5678.0,124897350.0,6.82,,,0
2009,C22,,,45-54,5446.0,134601264.0,6.07,,,0
2009,K76,,2106-3,,5012.0,244388833.0,2.05,,,0
2009,C22,,,85+,4576.0,16101903.0,42.63,,,0
2009,K76,M,,,3406.0,150807454.0,2.26,,,0
2009,C22,,A-PI,,2602.0,49827093.0,7.83,,,0
2009,K76,F,,,2424.0,155964075.0,1.55,,,0
2009,K76,,,55-64,1741.0,35405600.0,4.92,,,0
2009,K76,,,45-54,1330.0,44867088.0,2.96,,,0
2009,K76,,,65-74,1172.0,21233099.0,5.52,,,0
2009,K75,,,,808.0,306771529.0,0.26,,,0
2009,K76,,,75-84,756.0,13022775.0,5.81,,,0
2009,C22,,,35-44,716.0,124463433.0,0.86,,,0
2009,K75,,2106-3,,670.0,244388833.0,0.27,,,0
2009,K76,,2054-5,,613.0,41632450.0,1.47,,,0
2009,K75,F,,,505.0,155964075.0,0.32,,,0
2009,K76,,,35-44,361.0,41487811.0,0.87,,,0
2009,K76,,,85+,332.0,5367301.0,6.19,,,0
2009,C22,,1002-5,,324.0,12423645.0,3.98,,,0
2009,K75,M,,,303.0,150807454.0,0.20,,,0
2009,K75,,,75-84,181.0,13022775.0,1.39,,,0
2009,K75,,,65-74,169.0,21233099.0,0.8,,,0
2009,C22,,,25-34,168.0,122170026.0,0.21,,,0
2009,K75,,,55-64,157.0,35405600.0,0.44,,,0
2009,K76,,1002-5,,110.0,4141215.0,2.66,,,0
2009,K75,,,45-54,105.0,44867088.0,0.23,,,0
2009,K75,,,85+,105.0,5367301.0,1.96,,,0
2009,K75,,2054-5,,100.0,41632450.0,0.24,,,0
2009,K76,,A-PI,,95.0,16609031.0,0.57,,,0
2009,K76,,,25-34,87.0,40723342.0,0.21,,,0
2009,C22,,,15-24,58.0,130730796.0,0.07,,,0
2009,K75,,,35-44,48.0,41487811.0,0.12,,,0
2009,K75,,A-PI,,32.0,16609031.0,0.19,,,0
2009,C22,,,4-Jan,30.0,32481862.0,Unreliable,,,0
2009,K75,,,25-34,25.0,40723342.0,0.06,,,0
2009,C22,,,14-May,24.0,81686126.0,Unreliable,,,0
2009,K76,,,15-24,23.0,43576932.0,0.05,,,0
2009,K76,,,1,17.0,4003587.0,Unreliable,,,0
2009,K75,,,15-24,13.0,43576932.0,Unreliable,,,0
2009,C22,,,1,0.0,8007174.0,Suppressed,,,0
2009,K75,,,1,0.0,4003587.0,Suppressed,,,0
2009,K75,,,14-May,0.0,40843063.0,Suppressed,,,0
2009,K75,,,4-Jan,0.0,16240931.0,Suppressed,,,0
2009,K75,,1002-5,,0.0,4141215.0,Suppressed,,,0
2009,K76,,,14-May,0.0,40843063.0,Suppressed,,,0
2009,K76,,,4-Jan,0.0,16240931.0,Suppressed,,,0
2010,C22,,,,43648.0,926236614.0,7.07,,,0
2010,C22,,2106-3,,34518.0,736270020.0,7.03,,,0
2010,C22,M,,,28792.0,455343978.0,9.48,,,0
2010,C22,F,,,14856.0,470892636.0,4.73,,,0
2010,C22,,,55-64,12132.0,109448187.0,16.63,,,0
2010,C22,,,65-74,10346.0,65140287.0,23.82,,,0
2010,C22,,,75-84,10034.0,39183366.0,38.41,,,0
2010,K76,,,,6210.0,308745538.0,2.01,,,0
2010,C22,,2054-5,,5922.0,126196002.0,7.04,,,0
2010,K76,,2106-3,,5353.0,245423340.0,2.18,,,0
2010,C22,,,45-54,5190.0,135020148.0,5.77,,,0
2010,C22,,,85+,4938.0,16480299.0,44.94,,,0
2010,K76,M,,,3662.0,151781326.0,2.41,,,0
2010,C22,,A-PI,,2796.0,50979978.0,8.23,,,0
2010,K76,F,,,2548.0,156964212.0,1.62,,,0
2010,K76,,,55-64,1823.0,36482729.0,5,,,0
2010,K76,,,45-54,1329.0,45006716.0,2.95,,,0
2010,K76,,,65-74,1254.0,21713429.0,5.78,,,0
2010,K76,,,75-84,917.0,13061122.0,7.02,,,0
2010,K75,,,,885.0,308745538.0,0.29,,,0
2010,K75,,2106-3,,724.0,245423340.0,0.3,,,0
2010,C22,,,35-44,670.0,123211818.0,0.82,,,0
2010,K76,,2054-5,,631.0,42065334.0,1.50,,,0
2010,K75,F,,,561.0,156964212.0,0.36,,,0
2010,C22,,1002-5,,412.0,12790614.0,4.83,,,0
2010,K76,,,35-44,379.0,41070606.0,0.92,,,0
2010,K76,,,85+,344.0,5493433.0,6.26,,,0
2010,K75,M,,,324.0,151781326.0,0.21,,,0
2010,K75,,,75-84,203.0,13061122.0,1.55,,,0
2010,K75,,,55-64,191.0,36482729.0,0.52,,,0
2010,K75,,,65-74,188.0,21713429.0,0.87,,,0
2010,C22,,,25-34,183.0,123191844.0,0.23,,,0
2010,K75,,,45-54,120.0,45006716.0,0.27,,,0
2010,K75,,2054-5,,119.0,42065334.0,0.28,,,0
2010,K76,,A-PI,,115.0,16993326.0,0.68,,,0
2010,K76,,1002-5,,111.0,4263538.0,2.60,,,0
2010,K76,,,25-34,109.0,41063948.0,0.27,,,0
2010,K75,,,85+,94.0,5493433.0,1.71,,,0
2010,C22,,,15-24,63.0,130879026.0,0.07,,,0
2010,K75,,,35-44,46.0,41070606.0,0.11,,,0
2010,C22,,,14-May,40.0,82051702.0,0.05,,,0
2010,C22,,,4-Jan,38.0,32514418.0,Unreliable,,,0
2010,K75,,A-PI,,31.0,16993326.0,0.18,,,0
2010,K75,,,25-34,26.0,41063948.0,0.06,,,0
2010,K76,,,15-24,25.0,43626342.0,0.06,,,0
2010,K76,,,1,16.0,3944153.0,Unreliable,,,0
2010,K75,,,15-24,14.0,43626342.0,Unreliable,,,0
2010,K75,,1002-5,,11.0,4263538.0,Unreliable,,,0
2010,C22,,,1,0.0,7888306.0,Suppressed,,,0
2010,C22,,,NS,0.0,0.0,Not Applicable,,,0
2010,K75,,,1,0.0,3944153.0,Suppressed,,,0
2010,K76,,,14-May,0.0,41025851.0,Suppressed,,,0
2010,K76,,,4-Jan,0.0,16257209.0,Suppressed,,,0
2010,K76,,,NS,0.0,0.0,Not Applicable,,,0
2011,C22,,,,46236.0,934775751.0,7.42,,,0
2011,C22,,2106-3,,36514.0,741282993.0,7.39,,,0
2011,C22,M,,,30742.0,459872457.0,10.03,,,0
2011,C22,F,,,15494.0,474903294.0,4.89,,,0
2011,C22,,,55-64,13714.0,114186420.0,18.02,,,0
2011,C22,,,65-74,10646.0,67445214.0,23.68,,,0
2011,C22,,,75-84,10328.0,39525690.0,39.19,,,0
2011,K76,,,,6529.0,311591917.0,2.1,,,0
2011,C22,,2054-5,,6324.0,128036445.0,7.41,,,0
2011,K76,,2106-3,,5666.0,247094331.0,2.29,,,0
2011,C22,,,45-54,5304.0,134154609.0,5.93,,,0
2011,C22,,,85+,5234.0,17211519.0,45.61,,,0
2011,K76,M,,,3777.0,153290819.0,2.46,,,0
2011,C22,,A-PI,,3014.0,52414074.0,8.63,,,0
2011,K76,F,,,2752.0,158301098.0,1.74,,,0
2011,K76,,,55-64,1970.0,38062140.0,5.18,,,0
2011,K76,,,65-74,1419.0,22481738.0,6.31,,,0
2011,K76,,,45-54,1381.0,44718203.0,3.09,,,0
2011,K76,,,75-84,874.0,13175230.0,6.63,,,0
2011,K75,,,,837.0,311591917.0,0.27,,,0
2011,K75,,2106-3,,677.0,247094331.0,0.27,,,0
2011,C22,,,35-44,666.0,121883862.0,0.82,,,0
2011,K76,,2054-5,,633.0,42678815.0,1.48,,,0
2011,K75,F,,,530.0,158301098.0,0.33,,,0
2011,K76,,,85+,398.0,5737173.0,6.94,,,0
2011,C22,,1002-5,,384.0,13042239.0,4.42,,,0
2011,K76,,,35-44,342.0,40627954.0,0.84,,,0
2011,K75,M,,,307.0,153290819.0,0.20,,,0
2011,C22,,,25-34,202.0,125371494.0,0.25,,,0
2011,K75,,,65-74,193.0,22481738.0,0.86,,,0
2011,K75,,,55-64,189.0,38062140.0,0.5,,,0
2011,K75,,,75-84,165.0,13175230.0,1.25,,,0
2011,K75,,2054-5,,122.0,42678815.0,0.29,,,0
2011,K76,,A-PI,,116.0,17471358.0,0.66,,,0
2011,K76,,1002-5,,114.0,4347413.0,2.62,,,0
2011,K75,,,45-54,113.0,44718203.0,0.25,,,0
2011,K76,,,25-34,89.0,41790498.0,0.21,,,0
2011,K75,,,85+,86.0,5737173.0,1.5,,,0
2011,C22,,,15-24,55.0,131393625.0,0.06,,,0
2011,C22,,,4-Jan,54.0,32331042.0,0.17,,,0
2011,K75,,,35-44,46.0,40627954.0,0.11,,,0
2011,K76,,,15-24,31.0,43797875.0,0.07,,,0
2011,K75,,,25-34,26.0,41790498.0,0.06,,,0
2011,C22,,,14-May,24.0,82078096.0,Unreliable,,,0
2011,K75,,1002-5,,19.0,4347413.0,Unreliable,,,0
2011,K75,,A-PI,,19.0,17471358.0,Unreliable,,,0
2011,K76,,,1,18.0,3996537.0,Unreliable,,,0
2011,K75,,,15-24,15.0,43797875.0,Unreliable,,,0
2011,C22,,,1,0.0,7993074.0,Suppressed,,,0
2011,K75,,,1,0.0,3996537.0,Suppressed,,,0
2011,K75,,,14-May,0.0,41039048.0,Suppressed,,,0
2011,K75,,,4-Jan,0.0,16165521.0,Suppressed,,,0
2011,K76,,,14-May,0.0,41039048.0,Suppressed,,,0
2011,K76,,,4-Jan,0.0,16165521.0,Suppressed,,,0
2012,C22,,,,48984.0,941742120.0,7.8,,,0
2012,C22,,2106-3,,38806.0,744673659.0,7.82,,,0
2012,C22,M,,,32604.0,463476201.0,10.55,,,0
2012,C22,F,,,16380.0,478265919.0,5.14,,,0
2012,C22,,,55-64,14836.0,115758606.0,19.22,,,0
2012,C22,,,65-74,12192.0,71956176.0,25.42,,,0
2012,C22,,,75-84,10510.0,39817902.0,39.59,,,0
2012,K76,,,,7060.0,313914040.0,2.25,,,0
2012,C22,,2054-5,,6622.0,129609276.0,7.66,,,0
2012,K76,,2106-3,,6100.0,248224553.0,2.46,,,0
2012,C22,,,85+,5362.0,17661990.0,45.54,,,0
2012,C22,,,45-54,5040.0,132806214.0,5.69,,,0
2012,K76,M,,,4083.0,154492067.0,2.64,,,0
2012,C22,,A-PI,,3122.0,54263877.0,8.63,,,0
2012,K76,F,,,2977.0,159421973.0,1.87,,,0
2012,K76,,,55-64,2238.0,38586202.0,5.8,,,0
2012,K76,,,65-74,1591.0,23985392.0,6.63,,,0
2012,K76,,,45-54,1398.0,44268738.0,3.16,,,0
2012,K76,,,75-84,958.0,13272634.0,7.22,,,0
2012,K75,,,,822.0,313914040.0,0.26,,,0
2012,C22,,,35-44,716.0,121549260.0,0.88,,,0
2012,K76,,2054-5,,695.0,43203092.0,1.61,,,0
2012,K75,,2106-3,,667.0,248224553.0,0.27,,,0
2012,K75,F,,,510.0,159421973.0,0.32,,,0
2012,C22,,1002-5,,434.0,13195308.0,4.93,,,0
2012,K76,,,85+,414.0,5887330.0,7.03,,,0
2012,K76,,,35-44,322.0,40516420.0,0.79,,,0
2012,K75,M,,,312.0,154492067.0,0.20,,,0
2012,C22,,,25-34,188.0,126927963.0,0.23,,,0
2012,K75,,,65-74,187.0,23985392.0,0.78,,,0
2012,K75,,,75-84,181.0,13272634.0,1.36,,,0
2012,K75,,,55-64,180.0,38586202.0,0.47,,,0
2012,K76,,A-PI,,133.0,18087959.0,0.74,,,0
2012,K76,,1002-5,,132.0,4398436.0,3.00,,,0
2012,K75,,2054-5,,119.0,43203092.0,0.28,,,0
2012,K75,,,45-54,105.0,44268738.0,0.24,,,0
2012,K76,,,25-34,94.0,42309321.0,0.22,,,0
2012,K75,,,85+,91.0,5887330.0,1.55,,,0
2012,C22,,,15-24,69.0,131831715.0,0.08,,,0
2012,K75,,,35-44,43.0,40516420.0,0.11,,,0
2012,C22,,,4-Jan,34.0,32112534.0,Unreliable,,,0
2012,K75,,A-PI,,26.0,18087959.0,0.14,,,0
2012,K76,,,15-24,23.0,43943905.0,0.05,,,0
2012,C22,,,14-May,22.0,82289508.0,Unreliable,,,0
2012,K75,,,25-34,22.0,42309321.0,0.05,,,0
2012,K76,,,1,15.0,3943077.0,Unreliable,,,0
2012,K75,,,15-24,11.0,43943905.0,Unreliable,,,0
2012,K75,,1002-5,,10.0,4398436.0,Unreliable,,,0
2012,C22,,,1,0.0,7886154.0,Suppressed,,,0
2012,C22,,,NS,0.0,0.0,Not Applicable,,,0
2012,K75,,,1,0.0,3943077.0,Suppressed,,,0
2012,K75,,,4-Jan,0.0,16056267.0,Suppressed,,,0
2012,K76,,,14-May,0.0,41144754.0,Suppressed,,,0
2012,K76,,,4-Jan,0.0,16056267.0,Suppressed,,,0
2013,C22,,,,51100.0,948386517.0,8.08,,,0
2013,C22,,2106-3,,40324.0,748033494.0,8.09,,,0
2013,C22,M,,,34008.0,466954806.0,10.92,,,0
2013,C22,F,,,17092.0,481431711.0,5.33,,,0
2013,C22,,,55-64,15770.0,117949293.0,20.06,,,0
2013,C22,,,65-74,13198.0,75650298.0,26.17,,,0
2013,C22,,,75-84,10866.0,40339557.0,40.4,,,0
2013,K76,,,,7229.0,316128839.0,2.29,,,0
2013,C22,,2054-5,,7044.0,131088813.0,8.06,,,0
2013,K76,,2106-3,,6280.0,249344498.0,2.52,,,0
2013,C22,,,85+,5562.0,18122367.0,46.04,,,0
2013,C22,,,45-54,4624.0,131302596.0,5.28,,,0
2013,K76,M,,,3961.0,155651602.0,2.54,,,0
2013,K76,F,,,3268.0,160477237.0,2.04,,,0
2013,C22,,A-PI,,3200.0,55890408.0,8.59,,,0
2013,K76,,,55-64,2230.0,39316431.0,5.67,,,0
2013,K76,,,65-74,1736.0,25216766.0,6.88,,,0
2013,K76,,,45-54,1300.0,43767532.0,2.97,,,0
2013,K76,,,75-84,1019.0,13446519.0,7.58,,,0
2013,K75,,,,887.0,316128839.0,0.28,,,0
2013,C22,,,35-44,732.0,121358070.0,0.9,,,0
2013,K75,,2106-3,,732.0,249344498.0,0.29,,,0
2013,K76,,2054-5,,673.0,43696271.0,1.54,,,0
2013,K75,F,,,559.0,160477237.0,0.35,,,0
2013,C22,,1002-5,,532.0,13373802.0,5.97,,,0
2013,K76,,,85+,441.0,6040789.0,7.3,,,0
2013,K76,,,35-44,347.0,40452690.0,0.86,,,0
2013,K75,M,,,328.0,155651602.0,0.21,,,0
2013,K75,,,75-84,222.0,13446519.0,1.65,,,0
2013,C22,,,25-34,211.0,128533761.0,0.25,,,0
2013,K75,,,65-74,205.0,25216766.0,0.81,,,0
2013,K75,,,55-64,197.0,39316431.0,0.5,,,0
2013,K76,,1002-5,,141.0,4457934.0,3.16,,,0
2013,K76,,A-PI,,135.0,18630136.0,0.72,,,0
2013,K75,,2054-5,,113.0,43696271.0,0.26,,,0
2013,K76,,,25-34,113.0,42844587.0,0.26,,,0
2013,K75,,,45-54,95.0,43767532.0,0.22,,,0
2013,K75,,,85+,88.0,6040789.0,1.46,,,0
2013,C22,,,15-24,65.0,131863206.0,0.08,,,0
2013,C22,,,4-Jan,38.0,31852610.0,Unreliable,,,0
2013,K75,,,35-44,38.0,40452690.0,0.09,,,0
2013,C22,,,14-May,28.0,82442070.0,Unreliable,,,0
2013,K75,,A-PI,,28.0,18630136.0,0.15,,,0
2013,K76,,,15-24,23.0,43954402.0,0.05,,,0
2013,K75,,,25-34,22.0,42844587.0,0.05,,,0
2013,K75,,,15-24,19.0,43954402.0,Unreliable,,,0
2013,K75,,1002-5,,14.0,4457934.0,Unreliable,,,0
2013,K76,,,1,13.0,3941783.0,Unreliable,,,0
2013,K75,,,14-May,0.0,41221035.0,Suppressed,,,0
2013,K76,,,14-May,0.0,41221035.0,Suppressed,,,0
2013,K76,,,4-Jan,0.0,15926305.0,Suppressed,,,0
2014,C22,,,,52590.0,956571168.0,8.25,,,0
2014,C22,,2106-3,,41448.0,751891401.0,8.27,,,0
2014,C22,M,,,34860.0,470809461.0,11.11,,,0
2014,C22,F,,,17730.0,485761707.0,5.47,,,0
2014,C22,,,55-64,16104.0,120232743.0,20.09,,,0
2014,C22,,,65-74,14080.0,79194870.0,26.67,,,0
2014,C22,,,75-84,11148.0,41048070.0,40.74,,,0
2014,K76,,,,7497.0,318857056.0,2.35,,,0
2014,C22,,2054-5,,7266.0,132928182.0,8.2,,,0
2014,K76,,2106-3,,6582.0,250630467.0,2.63,,,0
2014,C22,,,85+,5822.0,18486693.0,47.24,,,0
2014,C22,,,45-54,4502.0,130376553.0,5.18,,,0
2014,K76,M,,,4078.0,156936487.0,2.6,,,0
2014,K76,F,,,3419.0,161920569.0,2.11,,,0
2014,C22,,A-PI,,3416.0,58194642.0,8.8,,,0
2014,K76,,,55-64,2240.0,40077581.0,5.59,,,0
2014,K76,,,65-74,1917.0,26398290.0,7.26,,,0
2014,K76,,,45-54,1195.0,43458851.0,2.75,,,0
2014,K76,,,75-84,1144.0,13682690.0,8.36,,,0
2014,K75,,,,869.0,318857056.0,0.27,,,0
2014,K75,,2106-3,,700.0,250630467.0,0.28,,,0
2014,K76,,2054-5,,657.0,44309394.0,1.48,,,0
2014,C22,,,35-44,654.0,121539399.0,0.81,,,0
2014,K75,F,,,552.0,161920569.0,0.34,,,0
2014,K76,,,85+,546.0,6162231.0,8.86,,,0
2014,C22,,1002-5,,460.0,13556943.0,5.09,,,0
2014,K76,,,35-44,320.0,40513133.0,0.79,,,0
2014,K75,M,,,317.0,156936487.0,0.20,,,0
2014,K75,,,65-74,220.0,26398290.0,0.83,,,0
2014,K75,,,55-64,208.0,40077581.0,0.52,,,0
2014,C22,,,25-34,168.0,130549512.0,0.2,,,0
2014,K75,,,75-84,168.0,13682690.0,1.23,,,0
2014,K76,,1002-5,,130.0,4518981.0,2.88,,,0
2014,K76,,A-PI,,128.0,19398214.0,0.66,,,0
2014,K75,,2054-5,,123.0,44309394.0,0.28,,,0
2014,K75,,,45-54,101.0,43458851.0,0.23,,,0
2014,K76,,,25-34,94.0,43516504.0,0.22,,,0
2014,K75,,,85+,92.0,6162231.0,1.49,,,0
2014,K75,,,35-44,49.0,40513133.0,0.12,,,0
2014,C22,,,15-24,46.0,87959642.0,0.05,,,0
2014,K75,,A-PI,,33.0,19398214.0,0.17,,,0
2014,C22,,,4-Jan,28.0,31857066.0,Unreliable,,,0
2014,C22,,,14-May,26.0,82382144.0,Unreliable,,,0
2014,K75,,,25-34,22.0,43516504.0,0.05,,,0
2014,K76,,,15-24,19.0,43979821.0,Unreliable,,,0
2014,K75,,1002-5,,13.0,4518981.0,Unreliable,,,0
2014,K76,,,1,10.0,3948350.0,Unreliable,,,0
2014,C22,,,1,0.0,7896700.0,Suppressed,,,0
2014,K75,,,1,0.0,3948350.0,Suppressed,,,0
2014,K75,,,15-24,0.0,43979821.0,Suppressed,,,0
2014,K76,,,14-May,0.0,41191072.0,Suppressed,,,0
2014,K76,,,4-Jan,0.0,15928533.0,Suppressed,,,0
2015,C22,,,,54764.0,964256460.0,8.52,,,0
2015,C22,,2106-3,,43330.0,755625162.0,8.6,,,0
2015,C22,M,,,36436.0,474687891.0,11.51,,,0
2015,C22,F,,,18328.0,489568569.0,5.62,,,0
2015,C22,,,55-64,16514.0,122633457.0,20.2,,,0
2015,C22,,,65-74,15414.0,82651551.0,27.97,,,0
2015,C22,,,75-84,11440.0,41769522.0,41.08,,,0
2015,K76,,,,7716.0,321418820.0,2.4,,,0
2015,C22,,2054-5,,7428.0,134589588.0,8.28,,,0
2015,K76,,2106-3,,6752.0,251875054.0,2.68,,,0
2015,C22,,,85+,5980.0,18861483.0,47.56,,,0
2015,C22,,,45-54,4356.0,129564483.0,5.04,,,0
2015,K76,M,,,4088.0,158229297.0,2.58,,,0
2015,K76,F,,,3628.0,163189523.0,2.22,,,0
2015,C22,,A-PI,,3472.0,60308151.0,8.64,,,0
2015,K76,,,55-64,2293.0,40877819.0,5.61,,,0
2015,K76,,,65-74,2032.0,27550517.0,7.38,,,0
2015,K76,,,75-84,1152.0,13923174.0,8.27,,,0
2015,K76,,,45-54,1122.0,43188161.0,2.6,,,0
2015,K75,,,,852.0,321418820.0,0.27,,,0
2015,C22,,,35-44,718.0,121769349.0,0.88,,,0
2015,K75,,2106-3,,701.0,251875054.0,0.28,,,0
2015,K76,,2054-5,,655.0,44863196.0,1.46,,,0
2015,K76,,,85+,592.0,6287161.0,9.42,,,0
2015,C22,,1002-5,,525.0,13733559.0,5.83,,,0
2015,K75,F,,,524.0,163189523.0,0.32,,,0
2015,K76,,,35-44,370.0,40589783.0,0.91,,,0
2015,K75,M,,,328.0,158229297.0,0.21,,,0
2015,K75,,,65-74,258.0,27550517.0,0.94,,,0
2015,C22,,,25-34,204.0,132411606.0,0.24,,,0
2015,K75,,,55-64,180.0,40877819.0,0.44,,,0
2015,K75,,,75-84,164.0,13923174.0,1.18,,,0
2015,K76,,A-PI,,163.0,20102717.0,0.81,,,0
2015,K76,,1002-5,,146.0,4577853.0,3.19,,,0
2015,K76,,,25-34,118.0,44137202.0,0.27,,,0
2015,K75,,2054-5,,102.0,44863196.0,0.23,,,0
2015,K75,,,85+,92.0,6287161.0,1.46,,,0
2015,K75,,,45-54,77.0,43188161.0,0.18,,,0
2015,C22,,,15-24,62.0,87696432.0,0.07,,,0
2015,K75,,,35-44,45.0,40589783.0,0.11,,,0
2015,K75,,A-PI,,39.0,20102717.0,0.19,,,0
2015,C22,,,14-May,38.0,82219012.0,Unreliable,,,0
2015,C22,,,4-Jan,28.0,31858486.0,Unreliable,,,0
2015,K75,,,25-34,27.0,44137202.0,0.06,,,0
2015,K76,,,15-24,15.0,43848216.0,Unreliable,,,0
2015,K76,,,1,14.0,3978038.0,Unreliable,,,0
2015,K75,,1002-5,,10.0,4577853.0,Unreliable,,,0
2015,C22,,,1,0.0,7956076.0,Suppressed,,,0
2015,C22,,,NS,0.0,0.0,Not Applicable,,,0
2015,K75,,,14-May,0.0,41109506.0,Suppressed,,,0
2015,K75,,,15-24,0.0,43848216.0,Suppressed,,,0
2015,K76,,,14-May,0.0,41109506.0,Suppressed,,,0
2015,K76,,,4-Jan,0.0,15929243.0,Suppressed,,,0
2016,C22,,,,56760.0,969382539.0,8.78,,,0
2016,C22,,2106-3,,44854.0,758108442.0,8.87,,,0
2016,C22,M,,,37506.0,477236769.0,11.79,,,0
2016,C22,F,,,19254.0,492145770.0,5.87,,,0
2016,C22,,,55-64,16804.0,124389432.0,20.26,,,0
2016,C22,,,65-74,16570.0,85890990.0,28.94,,,0
2016,C22,,,75-84,12180.0,42700602.0,42.79,,,0
2016,C22,,2054-5,,7872.0,135921060.0,8.69,,,0
2016,K76,,,,7500.0,323127513.0,2.32,,,0
2016,K76,,2106-3,,6635.0,252702814.0,2.63,,,0
2016,C22,,,85+,6152.0,19140993.0,48.21,,,0
2016,C22,,,45-54,3946.0,128360037.0,4.61,,,0
2016,K76,M,,,3903.0,159078923.0,2.45,,,0
2016,K76,F,,,3597.0,164048590.0,2.19,,,0
2016,C22,,A-PI,,3492.0,61462572.0,8.52,,,0
2016,K76,,,65-74,2124.0,28630330.0,7.42,,,0
2016,K76,,,55-64,2093.0,41463144.0,5.05,,,0
2016,K76,,,75-84,1258.0,14233534.0,8.84,,,0
2016,K76,,,45-54,977.0,42786679.0,2.28,,,0
2016,K75,,,,863.0,323127513.0,0.27,,,0
2016,C22,,,35-44,750.0,121410468.0,0.93,,,0
2016,K75,,2106-3,,683.0,252702814.0,0.27,,,0
2016,K76,,2054-5,,575.0,45307020.0,1.27,,,0
2016,K76,,,85+,558.0,6380331.0,8.75,,,0
2016,C22,,1002-5,,533.0,13890465.0,5.85,,,0
2016,K75,F,,,520.0,164048590.0,0.32,,,0
2016,K75,M,,,343.0,159078923.0,0.22,,,0
2016,K76,,,35-44,335.0,40470156.0,0.83,,,0
2016,K75,,,65-74,235.0,28630330.0,0.82,,,0
2016,K75,,,75-84,192.0,14233534.0,1.35,,,0
2016,C22,,,25-34,189.0,134031729.0,0.22,,,0
2016,K75,,,55-64,187.0,41463144.0,0.45,,,0
2016,K76,,1002-5,,146.0,4630155.0,3.15,,,0
2016,K76,,A-PI,,144.0,20487524.0,0.70,,,0
2016,K75,,2054-5,,124.0,45307020.0,0.27,,,0
2016,K76,,,25-34,119.0,44677243.0,0.27,,,0
2016,K75,,,85+,88.0,6380331.0,1.38,,,0
2016,K75,,,45-54,79.0,42786679.0,0.18,,,0
2016,C22,,,15-24,65.0,130533081.0,0.08,,,0
2016,C22,,,4-Jan,50.0,31913784.0,0.16,,,0
2016,K75,,A-PI,,44.0,20487524.0,0.21,,,0
2016,K75,,,35-44,42.0,40470156.0,0.1,,,0
2016,C22,,,14-May,36.0,82096064.0,Unreliable,,,0
2016,K75,,,25-34,22.0,44677243.0,0.05,,,0
2016,K76,,,15-24,17.0,43511027.0,Unreliable,,,0
2016,K75,,1002-5,,12.0,4630155.0,Unreliable,,,0
2016,K76,,,1,12.0,3970145.0,Unreliable,,,0
2016,K75,,,15-24,10.0,43511027.0,Unreliable,,,0
2016,C22,,,1,0.0,7940290.0,Suppressed,,,0
2016,K75,,,1,0.0,3970145.0,Suppressed,,,0
2016,K75,,,14-May,0.0,41048032.0,Suppressed,,,0
2016,K75,,,4-Jan,0.0,15956892.0,Suppressed,,,0
2016,K76,,,14-May,0.0,41048032.0,Suppressed,,,0
2016,K76,,,4-Jan,0.0,15956892.0,Suppressed,,,0
2017,C22,,,,57898.0,977157534.0,8.89,,,0
2017,C22,,2106-3,,45886.0,761806950.0,9.03,,,0
2017,C22,M,,,38386.0,481224357.0,11.97,,,0
2017,C22,F,,,19512.0,495933177.0,5.9,,,0
2017,C22,,,65-74,18214.0,89050338.0,30.68,,,0
2017,C22,,,55-64,16154.0,125986974.0,19.23,,,0
2017,C22,,,75-84,12362.0,44119653.0,42.03,,,0
2017,C22,,2054-5,,7928.0,137651424.0,8.64,,,0
2017,K76,,,,7453.0,325719178.0,2.29,,,0
2017,K76,,2106-3,,6557.0,253935650.0,2.58,,,0
2017,C22,,,85+,6232.0,19406046.0,48.17,,,0
2017,C22,,,45-54,3858.0,127124856.0,4.55,,,0
2017,K76,M,,,3829.0,160408119.0,2.39,,,0
2017,K76,F,,,3624.0,165311059.0,2.19,,,0
2017,C22,,A-PI,,3512.0,63632019.0,8.28,,,0
2017,K76,,,65-74,2198.0,29683446.0,7.4,,,0
2017,K76,,,55-64,1955.0,41995658.0,4.66,,,0
2017,K76,,,75-84,1359.0,14706551.0,9.24,,,0
2017,K76,,,45-54,941.0,42374952.0,2.22,,,0
2017,K75,,,,914.0,325719178.0,0.28,,,0
2017,K75,,2106-3,,758.0,253935650.0,0.3,,,0
2017,C22,,,35-44,730.0,122626110.0,0.89,,,0
2017,K76,,2054-5,,595.0,45883808.0,1.30,,,0
2017,C22,,1002-5,,566.0,14067141.0,6.1,,,0
2017,K75,F,,,564.0,165311059.0,0.34,,,0
2017,K76,,,85+,541.0,6468682.0,8.36,,,0
2017,K75,M,,,350.0,160408119.0,0.22,,,0
2017,K76,,,35-44,306.0,40875370.0,0.75,,,0
2017,K75,,,65-74,257.0,29683446.0,0.87,,,0
2017,C22,,,25-34,225.0,136028016.0,0.25,,,0
2017,K75,,,75-84,198.0,14706551.0,1.35,,,0
2017,K75,,,55-64,170.0,41995658.0,0.4,,,0
2017,K76,,A-PI,,163.0,21210673.0,0.77,,,0
2017,K76,,1002-5,,138.0,4689047.0,2.94,,,0
2017,K75,,,85+,118.0,6468682.0,1.82,,,0
2017,K75,,2054-5,,117.0,45883808.0,0.25,,,0
2017,K76,,,25-34,108.0,45342672.0,0.24,,,0
2017,K75,,,45-54,93.0,42374952.0,0.22,,,0
2017,C22,,,14-May,43.0,123248076.0,0.05,,,0
2017,C22,,,15-24,42.0,86500590.0,0.05,,,0
2017,K75,,,35-44,40.0,40875370.0,0.1,,,0
2017,C22,,,4-Jan,28.0,31999130.0,Unreliable,,,0
2017,K75,,A-PI,,26.0,21210673.0,0.12,,,0
2017,K76,,,15-24,25.0,43250295.0,0.06,,,0
2017,K75,,,25-34,24.0,45342672.0,0.05,,,0
2017,K75,,1002-5,,13.0,4689047.0,Unreliable,,,0
2017,K76,,,1,10.0,3939295.0,Unreliable,,,0
2017,C22,,,NS,0.0,0.0,Not Applicable,,,0
2017,K75,,,1,0.0,3939295.0,Suppressed,,,0
2017,K75,,,14-May,0.0,41082692.0,Suppressed,,,0
2017,K75,,,15-24,0.0,43250295.0,Suppressed,,,0
2017,K75,,,4-Jan,0.0,15999565.0,Suppressed,,,0
2017,K76,,,14-May,0.0,41082692.0,Suppressed,,,0
2017,K76,,,4-Jan,0.0,15999565.0,Suppressed,,,0
2018,C22,,,,55372.0,654334868.0,8.46,,,1
2018,C22,,2106-3,,43718.0,500278192.0,8.74,,,1
2018,C22,M,,,37188.0,322257358.0,11.54,,,1
2018,C22,,,65-74,18328.0,60984632.0,30.05,,,1
2018,C22,F,,,18184.0,332077510.0,5.48,,,1
2018,C22,,,55-64,15082.0,84545272.0,17.84,,,1
2018,C22,,,75-84,12010.0,30788748.0,39.01,,,1
2018,K76,,,,7660.0,327167434.0,2.34,2.29,2.39,1
2018,C22,,2054-5,,7494.0,87608638.0,8.55,,,1
2018,K76,,2106-3,,6757.0,250139096.0,2.7,2.64,2.77,1
2018,C22,,,85+,5688.0,13089006.0,43.46,,,1
2018,K76,M,,,3886.0,161128679.0,2.41,2.34,2.49,1
2018,K76,F,,,3774.0,166038755.0,2.27,2.20,2.35,1
2018,C22,,,45-54,3242.0,83263398.0,3.89,,,1
2018,C22,,A,,3158.0,38661200.0,8.17,,,1
2018,K76,,,65-74,2298.0,30492316.0,7.54,7.23,7.84,1
2018,K76,,,55-64,1925.0,42272636.0,4.55,4.35,4.76,1
2018,K76,,,75-84,1466.0,15394374.0,9.52,9.04,10.01,1
2018,K76,,,45-54,898.0,41631699.0,2.16,2.02,2.3,1
2018,K75,,,,853.0,327167434.0,0.26,0.24,0.28,1
2018,K75,,2106-3,,711.0,250139096.0,0.28,0.26,0.31,1
2018,C22,,,35-44,688.0,82555776.0,0.83,,,1
2018,K76,,,85+,637.0,6544503.0,9.73,8.98,10.49,1
2018,K76,,2054-5,,575.0,43804319.0,1.31,1.21,1.42,1
2018,C22,,1002-5,,544.0,8295042.0,6.56,,,1
2018,K75,F,,,524.0,166038755.0,0.32,0.29,0.34,1
2018,C22,,M,,354.0,17892960.0,1.98,,,1
2018,K75,M,,,329.0,161128679.0,0.20,0.18,0.23,1
2018,K76,,,35-44,298.0,41277888.0,0.72,0.64,0.8,1
2018,K75,,,65-74,214.0,30492316.0,0.70,0.61,0.80,1
2018,C22,,,25-34,208.0,91395548.0,0.23,,,1
2018,K75,,,75-84,201.0,15394374.0,1.31,1.13,1.49,1
2018,K75,,,55-64,194.0,42272636.0,0.46,0.39,0.52,1
2018,K76,,A,,167.0,19330600.0,0.86,0.73,0.99,1
2018,K76,,1002-5,,121.0,4147521.0,2.92,2.4,3.44,1
2018,C22,,NHOPI,,104.0,1598836.0,6.5,,,1
2018,K76,,,25-34,104.0,45697774.0,0.23,0.18,0.27,1
2018,K75,,2054-5,,99.0,43804319.0,0.23,0.18,0.28,1
2018,K75,,,85+,98.0,6544503.0,1.50,1.22,1.82,1
2018,K75,,,45-54,73.0,41631699.0,0.18,0.14,0.22,1
2018,C22,,,15-24,70.0,85941600.0,0.08,,,1
2018,K75,,,35-44,34.0,41277888.0,0.08,0.06,0.12,1
2018,K75,,A,,30.0,19330600.0,0.16,0.1,0.22,1
2018,K76,,M,,29.0,8946480.0,0.32,0.22,0.47,1
2018,K75,,,25-34,28.0,45697774.0,0.06,0.04,0.09,1
2018,C22,,,1-4,24.0,31924134.0,0.08,,,1
2018,C22,,,5-14,22.0,82150338.0,0.03,,,1
2018,K76,,,15-24,21.0,42970800.0,0.05,0.03,0.07,1
2018,K76,,NHOPI,,11.0,799418.0,1.38,0.69,2.46,1
2018,C22,,,1,0.0,7696416.0,Suppressed,,,1
2018,C22,,,NS,0.0,0.0,Not Applicable,,,1
2018,K75,,,1,0.0,3848208.0,Suppressed,Suppressed,Suppressed,1
2018,K75,,,1-4,0.0,15962067.0,Suppressed,Suppressed,Suppressed,1
2018,K75,,,15-24,0.0,42970800.0,Suppressed,Suppressed,Suppressed,1
2018,K75,,,5-14,0.0,41075169.0,Suppressed,Suppressed,Suppressed,1
2018,K75,,1002-5,,0.0,4147521.0,Suppressed,Suppressed,Suppressed,1
2018,K75,,M,,0.0,8946480.0,Suppressed,Suppressed,Suppressed,1
2018,K75,,NHOPI,,0.0,799418.0,Suppressed,Suppressed,Suppressed,1
2018,K76,,,1,0.0,3848208.0,Suppressed,Suppressed,Suppressed,1
2018,K76,,,14-May,0.0,41075169.0,Suppressed,Suppressed,Suppressed,1
2018,K76,,,4-Jan,0.0,15962067.0,Suppressed,Suppressed,Suppressed,1
2018,C22,,A-PI,,3592.0,64803192.0,8.31,,,0
2018,K76,,A-PI,,187.0,21601064.0,0.87,,,0
2018,K75,,A-PI,,32.0,21601064.0,0.15,,,0
2018,C22,,,4-Jan,26.0,47886201.0,Unreliable,,,0
2018,C22,,,14-May,22.0,82150338.0,Unreliable,,,0
2018,K75,,,14-May,0.0,41075169.0,Suppressed,,,0
2018,K75,,,4-Jan,0.0,15962067.0,Suppressed,,,0
2019,C22,,,,55918.0,656479046.0,8.52,,,1
2019,C22,,2106-3,,44236.0,501044380.0,8.83,,,1
2019,C22,M,,,37384.0,323314648.0,11.56,,,1
2019,C22,,,65-74,19140.0,62966866.0,30.40,,,1
2019,C22,F,,,18534.0,333164398.0,5.56,,,1
2019,C22,,,55-64,14304.0,84897074.0,16.85,,,1
2019,C22,,,75-84,12406.0,31939744.0,38.84,,,1
2019,K76,,,,7969.0,328239523.0,2.43,2.37,2.48,1
2019,C22,,2054-5,,7398.0,88150172.0,8.39,,,1
2019,K76,,2106-3,,7046.0,250522190.0,2.81,2.75,2.88,1
2019,C22,,,85+,6102.0,13209916.0,46.19,,,1
2019,K76,F,,,4059.0,166582199.0,2.44,2.36,2.51,1
2019,K76,M,,,3910.0,161657324.0,2.42,2.34,2.49,1
2019,C22,,A,,3290.0,39009724.0,8.43,,,1
2019,C22,,,45-54,2976.0,81749804.0,3.64,,,1
2019,K76,,,65-74,2542.0,31483433.0,8.07,7.76,8.39,1
2019,K76,,,55-64,1911.0,42448537.0,4.5,4.3,4.7,1
2019,K76,,,75-84,1617.0,15969872.0,10.13,9.63,10.62,1
2019,K75,,,,857.0,328239523.0,0.26,0.24,0.28,1
2019,K76,,,45-54,850.0,40874902.0,2.08,1.94,2.22,1
2019,K75,,2106-3,,690.0,250522190.0,0.28,0.25,0.3,1
2019,C22,,,35-44,638.0,83318288.0,0.77,,,1
2019,K76,,,85+,599.0,6604958.0,9.07,8.34,9.8,1
2019,K76,,2054-5,,565.0,44075086.0,1.28,1.18,1.39,1
2019,K75,F,,,554.0,166582199.0,0.33,0.30,0.36,1
2019,C22,,1002-5,,528.0,8376184.0,6.3,,,1
2019,C22,,M,,332.0,18284712.0,1.82,,,1
2019,K75,M,,,303.0,161657324.0,0.19,0.17,0.21,1
2019,K76,,,35-44,291.0,41659144.0,0.7,0.62,0.78,1
2019,K75,,,65-74,263.0,31483433.0,0.84,0.73,0.94,1
2019,C22,,,25-34,224.0,91880642.0,0.24,,,1
2019,K75,,,75-84,213.0,15969872.0,1.33,1.15,1.51,1
2019,K76,,1002-5,,161.0,4188092.0,3.84,3.25,4.44,1
2019,K75,,,55-64,137.0,42448537.0,0.32,0.27,0.38,1
2019,C22,,NHOPI,,134.0,1613874.0,8.3,,,1
2019,K76,,A,,132.0,19504862.0,0.68,0.56,0.79,1
2019,K75,,2054-5,,125.0,44075086.0,0.28,0.23,0.33,1
2019,K76,,,25-34,119.0,45940321.0,0.26,0.21,0.31,1
2019,K75,,,85+,95.0,6604958.0,1.44,1.16,1.76,1
2019,K75,,,45-54,75.0,40874902.0,0.18,0.14,0.23,1
2019,C22,,,15-24,70.0,85375020.0,0.08,,,1
2019,K76,,M,,54.0,9142356.0,0.59,0.44,0.77,1
2019,K75,,,35-44,45.0,41659144.0,0.11,0.08,0.14,1
2019,C22,,,1-4,30.0,31587262.0,0.09,,,1
2019,K75,,A,,30.0,19504862.0,0.15,0.1,0.22,1
2019,K76,,,15-24,19.0,42687510.0,0.04,0.03,0.07,1
2019,K75,,,25-34,18.0,45940321.0,0.04,0.02,0.06,1
2019,K76,,,1,14.0,3783052.0,0.37,0.2,0.62,1
2019,K76,,NHOPI,,11.0,806937.0,1.36,0.68,2.44,1
2019,C22,,,1,0.0,7566104.0,Suppressed,,,1
2019,C22,,,5-14,0.0,81988326.0,Suppressed,,,1
2019,C22,,,NS,0.0,0.0,Not Applicable,,,1
2019,K75,,,1-4,0.0,15793631.0,Suppressed,Suppressed,Suppressed,1
2019,K75,,,15-24,0.0,42687510.0,Suppressed,Suppressed,Suppressed,1
2019,K75,,,5-14,0.0,40994163.0,Suppressed,Suppressed,Suppressed,1
2019,K75,,1002-5,,0.0,4188092.0,Suppressed,Suppressed,Suppressed,1
2019,K75,,M,,0.0,9142356.0,Suppressed,Suppressed,Suppressed,1
2019,K75,,NHOPI,,0.0,806937.0,Suppressed,Suppressed,Suppressed,1
2019,K76,,,14-May,0.0,40994163.0,Suppressed,Suppressed,Suppressed,1
2019,K76,,,4-Jan,0.0,15793631.0,Suppressed,Suppressed,Suppressed,1
2019,C22,,A-PI,,3788.0,65444172.0,8.68,,,0
2019,K76,,A-PI,,156.0,21814724.0,0.72,,,0
2019,K75,,A-PI,,32.0,21814724.0,0.15,,,0
2019,C22,,,4-Jan,30.0,31587262.0,Unreliable,,,0
2019,C22,,,14-May,0.0,81988326.0,Suppressed,,,0
2019,K75,,,14-May,0.0,40994163.0,Suppressed,,,0
2019,K75,,,4-Jan,0.0,15793631.0,Suppressed,,,0
2020,C22,,,,56454.0,658968246.0,8.57,,,1
2020,C22,,2106-3,,44914.0,500619448.0,8.97,,,1
2020,C22,M,,,37272.0,324512404.0,11.49,,,1
2020,C22,,,65-74,19976.0,65098796.0,30.69,,,1
2020,C22,F,,,19182.0,334455842.0,5.74,,,1
2020,C22,,,55-64,13612.0,84807354.0,16.05,,,1
2020,C22,,,75-84,13182.0,32903094.0,40.06,,,1
2020,K76,,,,8458.0,329484123.0,2.57,2.51,2.62,1
2020,K76,,2106-3,,7507.0,250309724.0,3,2.93,3.07,1
2020,C22,,2054-5,,7168.0,89062224.0,8.05,,,1
2020,C22,,,85+,5858.0,13316840.0,43.99,,,1
2020,K76,F,,,4396.0,167227921.0,2.63,2.55,2.71,1
2020,K76,M,,,4062.0,162256202.0,2.50,2.43,2.58,1
2020,C22,,A,,3250.0,40024556.0,8.12,,,1
2020,C22,,,45-54,2848.0,80732266.0,3.53,,,1
2020,K76,,,65-74,2680.0,32549398.0,8.23,7.92,8.55,1
2020,K76,,,55-64,1999.0,42403677.0,4.71,4.51,4.92,1
2020,K76,,,75-84,1714.0,16451547.0,10.42,9.93,10.91,1
2020,K75,,,,955.0,329484123.0,0.29,0.27,0.31,1
2020,K76,,,45-54,869.0,40366133.0,2.15,2.01,2.3,1
2020,K75,,2106-3,,756.0,250309724.0,0.3,0.28,0.32,1
2020,K76,,,85+,643.0,6658420.0,9.66,8.91,10.4,1
2020,C22,,,35-44,642.0,84272384.0,0.76,,,1
2020,K75,F,,,604.0,167227921.0,0.36,0.33,0.39,1
2020,K76,,2054-5,,572.0,44531112.0,1.28,1.18,1.39,1
2020,C22,,1002-5,,570.0,8585980.0,6.64,,,1
2020,C22,,M,,410.0,18988652.0,2.16,,,1
2020,K76,,,35-44,358.0,42136192.0,0.85,0.76,0.94,1
2020,K75,M,,,351.0,162256202.0,0.22,0.19,0.24,1
2020,K75,,,65-74,255.0,32549398.0,0.78,0.69,0.88,1
2020,K75,,,75-84,225.0,16451547.0,1.37,1.19,1.55,1
2020,K75,,,55-64,200.0,42403677.0,0.47,0.41,0.54,1
2020,C22,,,25-34,194.0,92139292.0,0.21,,,1
2020,K76,,1002-5,,165.0,4292990.0,3.84,3.26,4.43,1
2020,K76,,A,,160.0,20012278.0,0.8,0.68,0.92,1
2020,K76,,,25-34,151.0,46069646.0,0.33,0.28,0.38,1
2020,C22,,NHOPI,,142.0,1687386.0,8.42,,,1
2020,K75,,2054-5,,139.0,44531112.0,0.31,0.26,0.36,1
2020,K75,,,85+,108.0,6658420.0,1.62,1.32,1.93,1
2020,K75,,,45-54,87.0,40366133.0,0.22,0.17,0.27,1
2020,C22,,,15-24,76.0,85111368.0,0.09,,,1
2020,K76,,M,,44.0,9494326.0,0.46,0.34,0.62,1
2020,K75,,A,,41.0,20012278.0,0.2,0.15,0.28,1
2020,K75,,,25-34,32.0,46069646.0,0.07,0.05,0.10,1
2020,C22,,,1-4,30.0,31132564.0,0.10,,,1
2020,K75,,,35-44,29.0,42136192.0,0.07,0.05,0.10,1
2020,C22,,,5-14,28.0,81984268.0,0.03,,,1
2020,K76,,,15-24,23.0,42555684.0,0.05,0.03,0.08,1
2020,K75,,,15-24,15.0,42555684.0,0.04,0.02,0.06,1
2020,K75,,1002-5,,14.0,4292990.0,0.33,0.18,0.55,1
2020,K76,,,1,12.0,3735010.0,0.32,0.17,0.56,1
2020,K76,,NHOPI,,10.0,843693.0,1.19,0.57,2.18,1
2020,C22,,,1,0.0,7470020.0,Suppressed,,,1
2020,K75,,,1,0.0,3735010.0,Suppressed,Suppressed,Suppressed,1
2020,K75,,,5-14,0.0,40992134.0,Suppressed,Suppressed,Suppressed,1
2020,K75,,M,,0.0,9494326.0,Suppressed,Suppressed,Suppressed,1
2020,K75,,NHOPI,,0.0,843693.0,Suppressed,Suppressed,Suppressed,1
2020,K76,,,14-May,0.0,40992134.0,Suppressed,Suppressed,Suppressed,1
2020,K76,,,4-Jan,0.0,15566282.0,Suppressed,Suppressed,Suppressed,1
2020,C22,,A-PI,,3728.0,67241211.0,8.32,,,0
2020,K76,,A-PI,,178.0,22413737.0,0.79,,,0
2020,K75,,A-PI,,43.0,22413737.0,0.19,,,0
2020,C22,,,4-Jan,30.0,31132564.0,Unreliable,,,0
2020,C22,,,14-May,28.0,81984268.0,Unreliable,,,0
2020,K75,,,14-May,0.0,40992134.0,Suppressed,,,0
2021,C22,,,,57438.0,663787490.0,8.65,,,1
2021,C22,,2106-3,,45696.0,502923222.0,9.09,,,1
2021,C22,M,,,37656.0,328769484.0,11.45,,,1
2021,C22,,,65-74,21112.0,67332244.0,31.35,,,1
2021,C22,F,,,19782.0,335018006.0,5.9,,,1
2021,C22,,,75-84,13486.0,32412150.0,41.61,,,1
2021,C22,,,55-64,12976.0,85606128.0,15.16,,,1
2021,K76,,,,9084.0,331893745.0,2.74,2.68,2.79,1
2021,K76,,2106-3,,8076.0,251461611.0,3.21,3.14,3.28,1
2021,C22,,2054-5,,7118.0,90121714.0,7.9,,,1
2021,C22,,,85+,6028.0,11951512.0,50.44,,,1
2021,K76,F,,,4715.0,167509003.0,2.81,2.73,2.90,1
2021,K76,M,,,4369.0,164384742.0,2.66,2.58,2.74,1
2021,C22,,A,,3554.0,40700966.0,8.73,,,1
2021,K76,,,65-74,2867.0,33666122.0,8.52,8.2,8.83,1
2021,C22,,,45-54,2802.0,81376872.0,3.44,,,1
2021,K76,,,55-64,2023.0,42803064.0,4.73,4.52,4.93,1
2021,K76,,,75-84,1921.0,16206075.0,11.85,11.32,12.38,1
2021,K75,,,,985.0,331893745.0,0.30,0.28,0.32,1
2021,K76,,,45-54,978.0,40688436.0,2.4,2.25,2.55,1
2021,K75,,2106-3,,764.0,251461611.0,0.3,0.28,0.33,1
2021,C22,,,35-44,692.0,86807708.0,0.80,,,1
2021,K76,,,85+,659.0,5975756.0,11.03,10.19,11.87,1
2021,K75,F,,,625.0,167509003.0,0.37,0.34,0.40,1
2021,K76,,2054-5,,592.0,45060857.0,1.31,1.21,1.42,1
2021,C22,,1002-5,,578.0,8735080.0,6.62,,,1
2021,K76,,,35-44,436.0,43403854.0,1,0.91,1.1,1
2021,C22,,M,,370.0,19580422.0,1.89,,,1
2021,K75,M,,,360.0,164384742.0,0.22,0.20,0.24,1
2021,K75,,,65-74,284.0,33666122.0,0.84,0.75,0.94,1
2021,K75,,,75-84,247.0,16206075.0,1.52,1.33,1.71,1
2021,C22,,,25-34,216.0,90990210.0,0.24,,,1
2021,K76,,1002-5,,202.0,4367540.0,4.63,3.99,5.26,1
2021,K75,,,55-64,174.0,42803064.0,0.41,0.35,0.47,1
2021,K76,,A,,162.0,20350483.0,0.8,0.67,0.92,1
2021,K76,,,25-34,161.0,45495105.0,0.35,0.3,0.41,1
2021,K75,,2054-5,,154.0,45060857.0,0.34,0.29,0.4,1
2021,C22,,NHOPI,,122.0,1726086.0,7.07,,,1
2021,K75,,,85+,118.0,5975756.0,1.97,1.62,2.33,1
2021,K75,,,45-54,86.0,40688436.0,0.21,0.17,0.26,1
2021,C22,,,15-24,52.0,86177326.0,0.06,,,1
2021,K75,,,35-44,43.0,43403854.0,0.10,0.07,0.13,1
2021,K76,,M,,39.0,9790211.0,0.4,0.28,0.54,1
2021,C22,,,5-14,34.0,83478664.0,0.04,,,1
2021,K75,,A,,33.0,20350483.0,0.16,0.11,0.23,1
2021,C22,,,1-4,30.0,30525690.0,0.10,,,1
2021,K75,,1002-5,,27.0,4367540.0,0.62,0.41,0.9,1
2021,K75,,,25-34,25.0,45495105.0,0.05,0.04,0.08,1
2021,K76,,,15-24,24.0,43088663.0,0.06,0.04,0.08,1
2021,K76,,NHOPI,,13.0,863043.0,1.51,0.8,2.58,1
2021,K76,,,1,11.0,3564493.0,0.31,0.15,0.55,1
2021,C22,,,1,0.0,7128986.0,Suppressed,,,1
2021,C22,,,NS,0.0,0.0,Not Applicable,,,1
2021,K75,,,1,0.0,3564493.0,Suppressed,Suppressed,Suppressed,1
2021,K75,,,15-24,0.0,43088663.0,Suppressed,Suppressed,Suppressed,1
2021,K75,,,5-14,0.0,41739332.0,Suppressed,Suppressed,Suppressed,1
2021,K75,,M,,0.0,9790211.0,Suppressed,Suppressed,Suppressed,1
2021,K75,,NHOPI,,0.0,863043.0,Suppressed,Suppressed,Suppressed,1
2021,K76,,,14-May,0.0,41739332.0,Suppressed,Suppressed,Suppressed,1
2021,K76,,,4-Jan,0.0,15262845.0,Suppressed,Suppressed,Suppressed,1
2022,C22,,,,57874.0,666575114.0,8.68,,,1
2022,C22,,2106-3,,46302.0,503204348.0,9.2,,,1
2022,C22,M,,,37768.0,330567106.0,11.43,,,1
2022,C22,,,65-74,21384.0,67576878.0,31.64,,,1
2022,C22,F,,,20106.0,336008008.0,5.98,,,1
2022,C22,,,75-84,14474.0,35041090.0,41.31,,,1
2022,C22,,,55-64,12196.0,84170874.0,14.49,,,1
2022,K76,,,,8870.0,333287557.0,2.66,2.61,2.72,1
2022,K76,,2106-3,,7953.0,251602174.0,3.16,3.09,3.23,1
2022,C22,,2054-5,,7190.0,90799486.0,7.92,,,1
2022,C22,,,85+,6012.0,12971736.0,46.35,,,1
2022,K76,F,,,4718.0,168004004.0,2.81,2.73,2.89,1
2022,K76,M,,,4152.0,165283553.0,2.51,2.44,2.59,1
2022,C22,,A,,3348.0,41907882.0,7.99,,,1
2022,K76,,,65-74,2784.0,33788439.0,8.24,7.93,8.55,1
2022,C22,,,45-54,2708.0,80863290.0,3.35,,,1
2022,K76,,,75-84,2076.0,17520545.0,11.85,11.34,12.36,1
2022,K76,,,55-64,1923.0,42085437.0,4.57,4.37,4.77,1
2022,K75,,,,952.0,333287557.0,0.29,0.27,0.30,1
2022,K76,,,45-54,817.0,40431645.0,2.02,1.88,2.16,1
2022,K75,,2106-3,,754.0,251602174.0,0.3,0.28,0.32,1
2022,C22,,,35-44,746.0,87390730.0,0.85,,,1
2022,K76,,,85+,709.0,6485868.0,10.93,10.13,11.74,1
2022,K75,F,,,595.0,168004004.0,0.35,0.33,0.38,1
2022,K76,,2054-5,,569.0,45399743.0,1.25,1.15,1.36,1
2022,C22,,1002-5,,508.0,8764468.0,5.8,,,1
2022,C22,,M,,382.0,20141314.0,1.9,,,1
2022,K76,,,35-44,366.0,43695365.0,0.84,0.75,0.92,1
2022,K75,M,,,357.0,165283553.0,0.22,0.19,0.24,1
2022,K75,,,65-74,278.0,33788439.0,0.82,0.73,0.92,1
2022,K75,,,75-84,245.0,17520545.0,1.40,1.22,1.57,1
2022,C22,,,25-34,244.0,91002600.0,0.27,,,1
2022,K75,,,55-64,172.0,42085437.0,0.41,0.35,0.47,1
2022,K76,,A,,150.0,20953941.0,0.72,0.6,0.83,1
2022,K76,,,25-34,147.0,45501300.0,0.32,0.27,0.38,1
2022,C22,,NHOPI,,144.0,1757616.0,8.19,,,1
2022,K76,,1002-5,,143.0,4382234.0,3.26,2.73,3.8,1
2022,K75,,,85+,132.0,6485868.0,2.04,1.69,2.38,1
2022,K75,,2054-5,,131.0,45399743.0,0.29,0.24,0.34,1
2022,K75,,,45-54,62.0,40431645.0,0.15,0.12,0.20,1
2022,C22,,,15-24,52.0,88683142.0,0.06,,,1
2022,K75,,A,,52.0,20953941.0,0.25,0.19,0.33,1
2022,K76,,M,,45.0,10070657.0,0.45,0.33,0.6,1
2022,C22,,,5-14,32.0,81798068.0,0.04,,,1
2022,K75,,,35-44,31.0,43695365.0,0.07,0.05,0.10,1
2022,K76,,,15-24,25.0,44341571.0,0.06,0.04,0.08,1
2022,K75,,,25-34,20.0,45501300.0,0.04,0.03,0.07,1
2022,K75,,,15-24,10.0,44341571.0,0.02,0.01,0.04,1
2022,K76,,,14-May,10.0,40899034.0,0.02,0.01,0.04,1
2022,K76,,NHOPI,,10.0,878808.0,1.14,0.55,2.09,1
2022,C22,,,1,0.0,7366226.0,Suppressed,,,1
2022,C22,,,1-4,0.0,29710480.0,Suppressed,,,1
2022,K75,,,1,0.0,3683113.0,Suppressed,Suppressed,Suppressed,1
2022,K75,,,5-14,0.0,40899034.0,Suppressed,Suppressed,Suppressed,1
2022,K75,,1002-5,,0.0,4382234.0,Suppressed,Suppressed,Suppressed,1
2022,K75,,M,,0.0,10070657.0,Suppressed,Suppressed,Suppressed,1
2022,K75,,NHOPI,,0.0,878808.0,Suppressed,Suppressed,Suppressed,1
2022,K76,,,1,0.0,3683113.0,Suppressed,Suppressed,Suppressed,1
2022,K76,,,4-Jan,0.0,14855240.0,Suppressed,Suppressed,Suppressed,1
2023,C22,,,,59822.0,669829790.0,8.93,,,1
2023,C22,,2106-3,,47906.0,504131408.0,9.5,,,1
2023,C22,M,,,38802.0,331498800.0,11.71,,,1
2023,C22,,,65-74,22326.0,69370568.0,32.18,,,1
2023,C22,F,,,21020.0,338330990.0,6.21,,,1
2023,C22,,,75-84,15424.0,36736194.0,41.99,,,1
2023,C22,,,55-64,11912.0,83708822.0,14.23,,,1
2023,K76,,,,8987.0,334914895.0,2.68,2.63,2.74,1
2023,K76,,2106-3,,8044.0,252065704.0,3.19,3.12,3.26,1
2023,C22,,2054-5,,7364.0,91514866.0,8.05,,,1
2023,C22,,,85+,6420.0,12389960.0,51.82,,,1
2023,K76,F,,,4783.0,169165495.0,2.83,2.75,2.91,1
2023,K76,M,,,4204.0,165749400.0,2.54,2.46,2.61,1
2023,C22,,A,,3492.0,42773828.0,8.16,,,1
2023,K76,,,65-74,2842.0,34685284.0,8.19,7.89,8.49,1
2023,C22,,,45-54,2660.0,80987562.0,3.28,,,1
2023,K76,,,75-84,2237.0,18368097.0,12.18,11.67,12.68,1
2023,K76,,,55-64,1828.0,41854411.0,4.37,4.17,4.57,1
2023,K75,,,,928.0,334914895.0,0.28,0.26,0.29,1
2023,K76,,,45-54,826.0,40493781.0,2.04,1.9,2.18,1
2023,K76,,,85+,757.0,6194980.0,12.22,11.35,13.09,1
2023,C22,,,35-44,754.0,88781386.0,0.85,,,1
2023,K75,,2106-3,,736.0,252065704.0,0.29,0.27,0.31,1
2023,K75,F,,,601.0,169165495.0,0.36,0.33,0.38,1
2023,C22,,1002-5,,540.0,8972834.0,6.02,,,1
2023,K76,,2054-5,,527.0,45757433.0,1.15,1.05,1.25,1
2023,C22,,M,,414.0,20637224.0,2.01,,,1
2023,K76,,,35-44,332.0,44390693.0,0.75,0.67,0.83,1
2023,K75,M,,,327.0,165749400.0,0.20,0.18,0.22,1
2023,K75,,,65-74,238.0,34685284.0,0.69,0.60,0.77,1
2023,K75,,,75-84,231.0,18368097.0,1.26,1.10,1.42,1
2023,K76,,A,,199.0,21386914.0,0.93,0.8,1.06,1
2023,C22,,,25-34,194.0,91085032.0,0.21,,,1
2023,K75,,,55-64,166.0,41854411.0,0.40,0.34,0.46,1
2023,K76,,1002-5,,156.0,4486417.0,3.48,2.93,4.02,1
2023,K75,,,85+,126.0,6194980.0,2.03,1.68,2.39,1
2023,K76,,,25-34,125.0,45542516.0,0.27,0.23,0.32,1
2023,K75,,2054-5,,122.0,45757433.0,0.27,0.22,0.31,1
2023,C22,,NHOPI,,106.0,1799630.0,5.89,,,1
2023,K75,,,45-54,79.0,40493781.0,0.20,0.15,0.24,1
2023,C22,,,15-24,64.0,87773304.0,0.07,,,1
2023,K75,,,35-44,49.0,44390693.0,0.11,0.08,0.15,1
2023,K76,,M,,48.0,10318612.0,0.47,0.34,0.62,1
2023,K75,,A,,35.0,21386914.0,0.16,0.11,0.23,1
2023,K75,,,25-34,32.0,45542516.0,0.07,0.05,0.10,1
2023,C22,,,5-14,30.0,81974642.0,0.04,,,1
2023,C22,,,1-4,28.0,29725012.0,0.09,,,1
2023,K75,,1002-5,,21.0,4486417.0,0.47,0.29,0.72,1
2023,K76,,,15-24,17.0,43886652.0,0.04,0.02,0.06,1
2023,K76,,,1,14.0,3648654.0,0.38,0.21,0.64,1
2023,K76,,NHOPI,,13.0,899815.0,1.44,0.77,2.47,1
2023,C22,,,1,0.0,7297308.0,Suppressed,,,1
2023,K75,,,15-24,0.0,43886652.0,Suppressed,Suppressed,Suppressed,1
2023,K75,,M,,0.0,10318612.0,Suppressed,Suppressed,Suppressed,1
2023,K75,,NHOPI,,0.0,899815.0,Suppressed,Suppressed,Suppressed,1
2023,K76,,,14-May,0.0,40987321.0,Suppressed,Suppressed,Suppressed,1
2023,K76,,,4-Jan,0.0,14862506.0,Suppressed,Suppressed,Suppressed,1
2024,C22,,,,61064.0,680221976.0,8.98,,,1
2024,C22,,2106-3,,48896.0,508563196.0,9.61,,,1
2024,C22,M,,,39310.0,336675764.0,11.68,,,1
2024,C22,,,65-74,22504.0,70889924.0,31.74,,,1
2024,C22,F,,,21754.0,343546212.0,6.33,,,1
2024,C22,,,75-84,16884.0,38599626.0,43.74,,,1
2024,C22,,,55-64,11120.0,83323450.0,13.35,,,1
2024,K76,,,,8208.0,340110988.0,2.41,2.36,2.47,1
2024,C22,,2054-5,,7414.0,93217692.0,7.95,,,1
2024,K76,,2106-3,,7373.0,254281598.0,2.9,2.83,2.97,1
2024,C22,,,85+,6768.0,12870286.0,52.59,,,1
2024,K76,F,,,4433.0,171773106.0,2.58,2.50,2.66,1
2024,K76,M,,,3775.0,168337882.0,2.24,2.17,2.31,1
2024,C22,,A,,3622.0,45650016.0,7.93,,,1
2024,C22,,,45-54,2690.0,81560712.0,3.30,,,1
2024,K76,,,65-74,2634.0,35444962.0,7.43,7.15,7.72,1
2024,K76,,,75-84,2129.0,19299813.0,11.03,10.56,11.5,1
2024,K76,,,55-64,1580.0,41661725.0,3.79,3.61,3.98,1
2024,K75,,,,961.0,340110988.0,0.28,0.26,0.30,1
2024,K75,,2106-3,,771.0,254281598.0,0.3,0.28,0.32,1
2024,C22,,,35-44,748.0,91078448.0,0.82,,,1
2024,K76,,,85+,730.0,6435143.0,11.34,10.52,12.17,1
2024,K76,,,45-54,647.0,40780356.0,1.59,1.46,1.71,1
2024,K75,F,,,601.0,171773106.0,0.35,0.32,0.38,1
2024,C22,,1002-5,,560.0,9486596.0,5.9,,,1
2024,K76,,2054-5,,471.0,46608846.0,1.01,0.92,1.1,1
2024,C22,,M,,448.0,21425052.0,2.09,,,1
2024,K75,M,,,360.0,168337882.0,0.21,0.19,0.24,1
2024,K76,,,35-44,335.0,45539224.0,0.74,0.66,0.81,1
2024,K75,,,65-74,265.0,35444962.0,0.75,0.66,0.84,1
2024,K75,,,75-84,248.0,19299813.0,1.28,1.13,1.44,1
2024,C22,,,25-34,222.0,92907728.0,0.24,,,1
2024,K75,,,55-64,178.0,41661725.0,0.43,0.36,0.49,1
2024,K76,,A,,168.0,22825008.0,0.74,0.62,0.85,1
2024,K76,,1002-5,,132.0,4743298.0,2.78,2.31,3.26,1
2024,C22,,NHOPI,,124.0,1879424.0,6.6,,,1
2024,K75,,,85+,123.0,6435143.0,1.91,1.57,2.25,1
2024,K75,,2054-5,,117.0,46608846.0,0.25,0.21,0.3,1
2024,K76,,,25-34,110.0,46453864.0,0.24,0.19,0.28,1
2024,C22,,,15-24,72.0,89595522.0,0.08,,,1
2024,K75,,,45-54,72.0,40780356.0,0.18,0.14,0.22,1
2024,K76,,M,,49.0,10712526.0,0.46,0.34,0.6,1
2024,K75,,A,,45.0,22825008.0,0.2,0.14,0.26,1
2024,K75,,,35-44,42.0,45539224.0,0.09,0.07,0.12,1
2024,C22,,,5-14,26.0,82197652.0,0.03,,,1
2024,K75,,,25-34,25.0,46453864.0,0.05,0.03,0.08,1
2024,C22,,,1-4,24.0,29967432.0,0.08,,,1
2024,K75,,1002-5,,20.0,4743298.0,0.42,0.26,0.65,1
2024,K76,,,15-24,17.0,44797761.0,0.04,0.02,0.06,1
2024,K76,,NHOPI,,15.0,939712.0,1.6,0.89,2.63,1
2024,K76,,,1,14.0,3615598.0,0.39,0.21,0.65,1
2024,C22,,,1,0.0,7231196.0,Suppressed,,,1
2024,K75,,,1-4,0.0,14983716.0,Suppressed,Suppressed,Suppressed,1
2024,K75,,,15-24,0.0,44797761.0,Suppressed,Suppressed,Suppressed,1
2024,K75,,M,,0.0,10712526.0,Suppressed,Suppressed,Suppressed,1
2024,K75,,NHOPI,,0.0,939712.0,Suppressed,Suppressed,Suppressed,1
2024,K76,,,14-May,0.0,41098826.0,Suppressed,Suppressed,Suppressed,1
2024,K76,,,4-Jan,0.0,14983716.0,Suppressed,Suppressed,Suppressed,1
